"mse","rmse","bias_rel","sd_rmse","variable"
0.0199706492267296,0.140595985643635,-0.0135640247922057,0.0150339633136417,"cdi_lag5_scn, measles_cases_rate_cat, malaria_cases_rate_cat, sam_admissions_rate_lag1_scn, aidworkers_wounded_rate_scn, tot_wage_cereal_smooth_lag2_scn, tot_goat_cereal_smooth_lag3_scn, water_price_smooth_lag2_scn, acled_fatalities_rate_cat"
0.0199775654569209,0.14061691646982,-0.00903076791285364,0.0150719850289087,"cdi_lag5_scn, measles_cases_rate_cat, malaria_cases_rate_cat, sam_admissions_rate_lag1_scn, aidworkers_wounded_rate_scn, tot_wage_cereal_smooth_lag2_scn, tot_goat_cereal_smooth_lag3_scn, water_price_smooth_lag2_scn"
0.0199719657311353,0.140598966437788,-0.0115250395401317,0.0150516284745078,"cdi_lag5_scn, measles_cases_rate_cat, malaria_cases_rate_cat, sam_admissions_rate_lag1_scn, aidworkers_wounded_rate_scn, tot_wage_cereal_smooth_lag2_scn, tot_goat_cereal_smooth_lag3_scn, acled_fatalities_rate_cat"
0.0199700424500637,0.140594354423753,-0.0144835118947855,0.0150284897678354,"cdi_lag5_scn, measles_cases_rate_cat, malaria_cases_rate_cat, sam_admissions_rate_lag1_scn, aidworkers_wounded_rate_scn, tot_wage_cereal_smooth_lag2_scn, water_price_smooth_lag2_scn, acled_fatalities_rate_cat"
0.019966814025221,0.140582814646671,-0.0111286938052764,0.0150290922044462,"cdi_lag5_scn, measles_cases_rate_cat, malaria_cases_rate_cat, sam_admissions_rate_lag1_scn, aidworkers_wounded_rate_scn, tot_goat_cereal_smooth_lag3_scn, water_price_smooth_lag2_scn, acled_fatalities_rate_cat"
0.0199746058760348,0.140608599808071,-0.0126085916073539,0.0150490876817764,"cdi_lag5_scn, measles_cases_rate_cat, malaria_cases_rate_cat, sam_admissions_rate_lag1_scn, tot_wage_cereal_smooth_lag2_scn, tot_goat_cereal_smooth_lag3_scn, water_price_smooth_lag2_scn, acled_fatalities_rate_cat"
0.0199621477567352,0.140568250105772,-0.0219670716253653,0.0150079541479564,"cdi_lag5_scn, measles_cases_rate_cat, malaria_cases_rate_cat, aidworkers_wounded_rate_scn, tot_wage_cereal_smooth_lag2_scn, tot_goat_cereal_smooth_lag3_scn, water_price_smooth_lag2_scn, acled_fatalities_rate_cat"
0.0199665980419692,0.140580032103303,-0.0205335311388742,0.0150500135032649,"cdi_lag5_scn, measles_cases_rate_cat, sam_admissions_rate_lag1_scn, aidworkers_wounded_rate_scn, tot_wage_cereal_smooth_lag2_scn, tot_goat_cereal_smooth_lag3_scn, water_price_smooth_lag2_scn, acled_fatalities_rate_cat"
0.0199692297743567,0.140593888578322,-0.0149458118466019,0.0150032688580035,"cdi_lag5_scn, malaria_cases_rate_cat, sam_admissions_rate_lag1_scn, aidworkers_wounded_rate_scn, tot_wage_cereal_smooth_lag2_scn, tot_goat_cereal_smooth_lag3_scn, water_price_smooth_lag2_scn, acled_fatalities_rate_cat"
0.019974307242698,0.140606219811545,-0.0107523323026886,0.0150627647235612,"measles_cases_rate_cat, malaria_cases_rate_cat, sam_admissions_rate_lag1_scn, aidworkers_wounded_rate_scn, tot_wage_cereal_smooth_lag2_scn, tot_goat_cereal_smooth_lag3_scn, water_price_smooth_lag2_scn, acled_fatalities_rate_cat"
0.0199756843145315,0.140610055175304,-0.00788395995479344,0.0150737703802735,"cdi_lag5_scn, measles_cases_rate_cat, malaria_cases_rate_cat, sam_admissions_rate_lag1_scn, aidworkers_wounded_rate_scn, tot_wage_cereal_smooth_lag2_scn, tot_goat_cereal_smooth_lag3_scn"
0.0199817936934851,0.140631120551107,-0.00903683457813875,0.0150805845018271,"cdi_lag5_scn, measles_cases_rate_cat, malaria_cases_rate_cat, sam_admissions_rate_lag1_scn, aidworkers_wounded_rate_scn, tot_wage_cereal_smooth_lag2_scn, water_price_smooth_lag2_scn"
0.0199709706155738,0.140596013744933,-0.0122361694540729,0.0150455432533075,"cdi_lag5_scn, measles_cases_rate_cat, malaria_cases_rate_cat, sam_admissions_rate_lag1_scn, aidworkers_wounded_rate_scn, tot_wage_cereal_smooth_lag2_scn, acled_fatalities_rate_cat"
0.0199723064182141,0.140599650330151,-0.00560736354554394,0.0150571040912508,"cdi_lag5_scn, measles_cases_rate_cat, malaria_cases_rate_cat, sam_admissions_rate_lag1_scn, aidworkers_wounded_rate_scn, tot_goat_cereal_smooth_lag3_scn, water_price_smooth_lag2_scn"
0.0199682828460902,0.140587011496144,-0.00977604905476065,0.015039763764145,"cdi_lag5_scn, measles_cases_rate_cat, malaria_cases_rate_cat, sam_admissions_rate_lag1_scn, aidworkers_wounded_rate_scn, tot_goat_cereal_smooth_lag3_scn, acled_fatalities_rate_cat"
0.0199663385512974,0.140583558176139,-0.0102817643802566,0.0150037670023101,"cdi_lag5_scn, measles_cases_rate_cat, malaria_cases_rate_cat, sam_admissions_rate_lag1_scn, aidworkers_wounded_rate_scn, water_price_smooth_lag2_scn, acled_fatalities_rate_cat"
0.0199787395797863,0.140620380433313,-0.00890522958276794,0.0150793525714507,"cdi_lag5_scn, measles_cases_rate_cat, malaria_cases_rate_cat, sam_admissions_rate_lag1_scn, tot_wage_cereal_smooth_lag2_scn, tot_goat_cereal_smooth_lag3_scn, water_price_smooth_lag2_scn"
0.0199759543447072,0.1406115233655,-0.0104293295152229,0.0150685043695099,"cdi_lag5_scn, measles_cases_rate_cat, malaria_cases_rate_cat, sam_admissions_rate_lag1_scn, tot_wage_cereal_smooth_lag2_scn, tot_goat_cereal_smooth_lag3_scn, acled_fatalities_rate_cat"
0.019974285802016,0.140607784427716,-0.0135458198298896,0.0150457362119981,"cdi_lag5_scn, measles_cases_rate_cat, malaria_cases_rate_cat, sam_admissions_rate_lag1_scn, tot_wage_cereal_smooth_lag2_scn, water_price_smooth_lag2_scn, acled_fatalities_rate_cat"
0.019970576003189,0.140594512482472,-0.0102946446119183,0.0150465597029472,"cdi_lag5_scn, measles_cases_rate_cat, malaria_cases_rate_cat, sam_admissions_rate_lag1_scn, tot_goat_cereal_smooth_lag3_scn, water_price_smooth_lag2_scn, acled_fatalities_rate_cat"
0.0199729862296221,0.140602240275124,-0.0166703260165843,0.0150553150171285,"cdi_lag5_scn, measles_cases_rate_cat, malaria_cases_rate_cat, aidworkers_wounded_rate_scn, tot_wage_cereal_smooth_lag2_scn, tot_goat_cereal_smooth_lag3_scn, water_price_smooth_lag2_scn"
0.0199619723923711,0.140566651214331,-0.0196457873977208,0.0150180986649733,"cdi_lag5_scn, measles_cases_rate_cat, malaria_cases_rate_cat, aidworkers_wounded_rate_scn, tot_wage_cereal_smooth_lag2_scn, tot_goat_cereal_smooth_lag3_scn, acled_fatalities_rate_cat"
0.0199617100238913,0.14056768135801,-0.0219655823179317,0.014997665800764,"cdi_lag5_scn, measles_cases_rate_cat, malaria_cases_rate_cat, aidworkers_wounded_rate_scn, tot_wage_cereal_smooth_lag2_scn, water_price_smooth_lag2_scn, acled_fatalities_rate_cat"
0.0199589357347209,0.140556819937284,-0.0184301988339015,0.0150080017116339,"cdi_lag5_scn, measles_cases_rate_cat, malaria_cases_rate_cat, aidworkers_wounded_rate_scn, tot_goat_cereal_smooth_lag3_scn, water_price_smooth_lag2_scn, acled_fatalities_rate_cat"
0.0199672171395865,0.140584191199312,-0.0211929202109682,0.0150296863433546,"cdi_lag5_scn, measles_cases_rate_cat, malaria_cases_rate_cat, tot_wage_cereal_smooth_lag2_scn, tot_goat_cereal_smooth_lag3_scn, water_price_smooth_lag2_scn, acled_fatalities_rate_cat"
0.0199757504092615,0.140608731461411,-0.0152331088626776,0.0150899173870918,"cdi_lag5_scn, measles_cases_rate_cat, sam_admissions_rate_lag1_scn, aidworkers_wounded_rate_scn, tot_wage_cereal_smooth_lag2_scn, tot_goat_cereal_smooth_lag3_scn, water_price_smooth_lag2_scn"
0.0199675870017455,0.140582340092469,-0.0181948731023728,0.0150625604976521,"cdi_lag5_scn, measles_cases_rate_cat, sam_admissions_rate_lag1_scn, aidworkers_wounded_rate_scn, tot_wage_cereal_smooth_lag2_scn, tot_goat_cereal_smooth_lag3_scn, acled_fatalities_rate_cat"
0.0199664447307931,0.140580582546462,-0.0205085855795515,0.0150386369687605,"cdi_lag5_scn, measles_cases_rate_cat, sam_admissions_rate_lag1_scn, aidworkers_wounded_rate_scn, tot_wage_cereal_smooth_lag2_scn, water_price_smooth_lag2_scn, acled_fatalities_rate_cat"
0.0199630632829703,0.140568284940645,-0.0170407436931636,0.0150414446637735,"cdi_lag5_scn, measles_cases_rate_cat, sam_admissions_rate_lag1_scn, aidworkers_wounded_rate_scn, tot_goat_cereal_smooth_lag3_scn, water_price_smooth_lag2_scn, acled_fatalities_rate_cat"
0.0199692862902174,0.140588368514996,-0.0195458912659348,0.015062718085434,"cdi_lag5_scn, measles_cases_rate_cat, sam_admissions_rate_lag1_scn, tot_wage_cereal_smooth_lag2_scn, tot_goat_cereal_smooth_lag3_scn, water_price_smooth_lag2_scn, acled_fatalities_rate_cat"
0.0199598475163092,0.140559580525837,-0.0252821607821419,0.0150130254079563,"cdi_lag5_scn, measles_cases_rate_cat, aidworkers_wounded_rate_scn, tot_wage_cereal_smooth_lag2_scn, tot_goat_cereal_smooth_lag3_scn, water_price_smooth_lag2_scn, acled_fatalities_rate_cat"
0.0199788839521121,0.14062378580389,-0.0109617957181129,0.0150493565124095,"cdi_lag5_scn, malaria_cases_rate_cat, sam_admissions_rate_lag1_scn, aidworkers_wounded_rate_scn, tot_wage_cereal_smooth_lag2_scn, tot_goat_cereal_smooth_lag3_scn, water_price_smooth_lag2_scn"
0.0199701063919549,0.140595240123757,-0.0131337347123865,0.015021645364015,"cdi_lag5_scn, malaria_cases_rate_cat, sam_admissions_rate_lag1_scn, aidworkers_wounded_rate_scn, tot_wage_cereal_smooth_lag2_scn, tot_goat_cereal_smooth_lag3_scn, acled_fatalities_rate_cat"
0.0199685828624172,0.140592738316415,-0.015468636925874,0.0149912861767308,"cdi_lag5_scn, malaria_cases_rate_cat, sam_admissions_rate_lag1_scn, aidworkers_wounded_rate_scn, tot_wage_cereal_smooth_lag2_scn, water_price_smooth_lag2_scn, acled_fatalities_rate_cat"
0.019965683514409,0.140581622107774,-0.0126763968780571,0.0149996681428513,"cdi_lag5_scn, malaria_cases_rate_cat, sam_admissions_rate_lag1_scn, aidworkers_wounded_rate_scn, tot_goat_cereal_smooth_lag3_scn, water_price_smooth_lag2_scn, acled_fatalities_rate_cat"
0.0199730316937975,0.140606033112712,-0.0141682849234316,0.0150175876929717,"cdi_lag5_scn, malaria_cases_rate_cat, sam_admissions_rate_lag1_scn, tot_wage_cereal_smooth_lag2_scn, tot_goat_cereal_smooth_lag3_scn, water_price_smooth_lag2_scn, acled_fatalities_rate_cat"
0.0199606653134676,0.140566047069108,-0.0236537204384704,0.0149759705614958,"cdi_lag5_scn, malaria_cases_rate_cat, aidworkers_wounded_rate_scn, tot_wage_cereal_smooth_lag2_scn, tot_goat_cereal_smooth_lag3_scn, water_price_smooth_lag2_scn, acled_fatalities_rate_cat"
0.0199653351429257,0.140578035786985,-0.0227390127522629,0.015024091660426,"cdi_lag5_scn, sam_admissions_rate_lag1_scn, aidworkers_wounded_rate_scn, tot_wage_cereal_smooth_lag2_scn, tot_goat_cereal_smooth_lag3_scn, water_price_smooth_lag2_scn, acled_fatalities_rate_cat"
0.0199788719672885,0.140618506632897,-0.00729687570470431,0.0151036257465395,"measles_cases_rate_cat, malaria_cases_rate_cat, sam_admissions_rate_lag1_scn, aidworkers_wounded_rate_scn, tot_wage_cereal_smooth_lag2_scn, tot_goat_cereal_smooth_lag3_scn, water_price_smooth_lag2_scn"
0.0199755448238933,0.140609423346813,-0.00922629760443416,0.0150751779046075,"measles_cases_rate_cat, malaria_cases_rate_cat, sam_admissions_rate_lag1_scn, aidworkers_wounded_rate_scn, tot_wage_cereal_smooth_lag2_scn, tot_goat_cereal_smooth_lag3_scn, acled_fatalities_rate_cat"
0.0199734485125827,0.140603764040562,-0.0102344808650151,0.0150565618846842,"measles_cases_rate_cat, malaria_cases_rate_cat, sam_admissions_rate_lag1_scn, aidworkers_wounded_rate_scn, tot_wage_cereal_smooth_lag2_scn, water_price_smooth_lag2_scn, acled_fatalities_rate_cat"
0.0199708747084153,0.140594837299382,-0.00922846246622835,0.0150542143665863,"measles_cases_rate_cat, malaria_cases_rate_cat, sam_admissions_rate_lag1_scn, aidworkers_wounded_rate_scn, tot_goat_cereal_smooth_lag3_scn, water_price_smooth_lag2_scn, acled_fatalities_rate_cat"
0.0199771839876309,0.140614951408809,-0.0101193190754558,0.015078293004229,"measles_cases_rate_cat, malaria_cases_rate_cat, sam_admissions_rate_lag1_scn, tot_wage_cereal_smooth_lag2_scn, tot_goat_cereal_smooth_lag3_scn, water_price_smooth_lag2_scn, acled_fatalities_rate_cat"
0.0199675373662914,0.140585249512001,-0.0176212950670359,0.0150305239777011,"measles_cases_rate_cat, malaria_cases_rate_cat, aidworkers_wounded_rate_scn, tot_wage_cereal_smooth_lag2_scn, tot_goat_cereal_smooth_lag3_scn, water_price_smooth_lag2_scn, acled_fatalities_rate_cat"
0.0199704400983662,0.140591558225452,-0.0169779825290333,0.015072191247668,"measles_cases_rate_cat, sam_admissions_rate_lag1_scn, aidworkers_wounded_rate_scn, tot_wage_cereal_smooth_lag2_scn, tot_goat_cereal_smooth_lag3_scn, water_price_smooth_lag2_scn, acled_fatalities_rate_cat"
0.0199739329707,0.140607493284235,-0.0114410963686608,0.0150357279328572,"malaria_cases_rate_cat, sam_admissions_rate_lag1_scn, aidworkers_wounded_rate_scn, tot_wage_cereal_smooth_lag2_scn, tot_goat_cereal_smooth_lag3_scn, water_price_smooth_lag2_scn, acled_fatalities_rate_cat"
0.0199788185984371,0.140620445681423,-0.00779905201990141,0.0150815875525654,"cdi_lag5_scn, measles_cases_rate_cat, malaria_cases_rate_cat, sam_admissions_rate_lag1_scn, aidworkers_wounded_rate_scn, tot_wage_cereal_smooth_lag2_scn"
0.0199714474269022,0.140596523547391,-0.00505747058893172,0.0150578511559042,"cdi_lag5_scn, measles_cases_rate_cat, malaria_cases_rate_cat, sam_admissions_rate_lag1_scn, aidworkers_wounded_rate_scn, tot_goat_cereal_smooth_lag3_scn"
0.0199777182536688,0.140619813747355,-0.00388062827666442,0.0150475629377168,"cdi_lag5_scn, measles_cases_rate_cat, malaria_cases_rate_cat, sam_admissions_rate_lag1_scn, aidworkers_wounded_rate_scn, water_price_smooth_lag2_scn"
0.0199666965531508,0.140583953396376,-0.00907492083172802,0.0150129055814033,"cdi_lag5_scn, measles_cases_rate_cat, malaria_cases_rate_cat, sam_admissions_rate_lag1_scn, aidworkers_wounded_rate_scn, acled_fatalities_rate_cat"
0.0199774043140119,0.140615189386011,-0.00725468639132038,0.0150839439267996,"cdi_lag5_scn, measles_cases_rate_cat, malaria_cases_rate_cat, sam_admissions_rate_lag1_scn, tot_wage_cereal_smooth_lag2_scn, tot_goat_cereal_smooth_lag3_scn"
0.0199822455282459,0.140632104668389,-0.00895739449521853,0.0150870313987869,"cdi_lag5_scn, measles_cases_rate_cat, malaria_cases_rate_cat, sam_admissions_rate_lag1_scn, tot_wage_cereal_smooth_lag2_scn, water_price_smooth_lag2_scn"
0.0199752233279116,0.140609347489633,-0.0111755662230688,0.0150641121157083,"cdi_lag5_scn, measles_cases_rate_cat, malaria_cases_rate_cat, sam_admissions_rate_lag1_scn, tot_wage_cereal_smooth_lag2_scn, acled_fatalities_rate_cat"
0.0199736492035886,0.140603444497801,-0.00526145762560166,0.0150672787096287,"cdi_lag5_scn, measles_cases_rate_cat, malaria_cases_rate_cat, sam_admissions_rate_lag1_scn, tot_goat_cereal_smooth_lag3_scn, water_price_smooth_lag2_scn"
0.0199720950415181,0.140598827632845,-0.00886808427848576,0.0150578406961504,"cdi_lag5_scn, measles_cases_rate_cat, malaria_cases_rate_cat, sam_admissions_rate_lag1_scn, tot_goat_cereal_smooth_lag3_scn, acled_fatalities_rate_cat"
0.0199707526139669,0.14059716923114,-0.0093588499318126,0.0150254827305315,"cdi_lag5_scn, measles_cases_rate_cat, malaria_cases_rate_cat, sam_admissions_rate_lag1_scn, water_price_smooth_lag2_scn, acled_fatalities_rate_cat"
0.0199695812271348,0.14059014984734,-0.0152352716094503,0.0150551206880058,"cdi_lag5_scn, measles_cases_rate_cat, malaria_cases_rate_cat, aidworkers_wounded_rate_scn, tot_wage_cereal_smooth_lag2_scn, tot_goat_cereal_smooth_lag3_scn"
0.0199776101249886,0.140618927071059,-0.0156999847499482,0.0150527765756496,"cdi_lag5_scn, measles_cases_rate_cat, malaria_cases_rate_cat, aidworkers_wounded_rate_scn, tot_wage_cereal_smooth_lag2_scn, water_price_smooth_lag2_scn"
0.0199613431220908,0.140565396456082,-0.0195444483250094,0.0150078661313705,"cdi_lag5_scn, measles_cases_rate_cat, malaria_cases_rate_cat, aidworkers_wounded_rate_scn, tot_wage_cereal_smooth_lag2_scn, acled_fatalities_rate_cat"
0.019967973278655,0.140584778241297,-0.0123455499751387,0.0150515191370726,"cdi_lag5_scn, measles_cases_rate_cat, malaria_cases_rate_cat, aidworkers_wounded_rate_scn, tot_goat_cereal_smooth_lag3_scn, water_price_smooth_lag2_scn"
0.0199591127349076,0.140556845860771,-0.0169945118373757,0.0150142827030809,"cdi_lag5_scn, measles_cases_rate_cat, malaria_cases_rate_cat, aidworkers_wounded_rate_scn, tot_goat_cereal_smooth_lag3_scn, acled_fatalities_rate_cat"
0.0199593188435048,0.140560324319641,-0.0158098735189084,0.0149856995040135,"cdi_lag5_scn, measles_cases_rate_cat, malaria_cases_rate_cat, aidworkers_wounded_rate_scn, water_price_smooth_lag2_scn, acled_fatalities_rate_cat"
0.0199751612429861,0.140608958766237,-0.0166010692279298,0.0150658538741264,"cdi_lag5_scn, measles_cases_rate_cat, malaria_cases_rate_cat, tot_wage_cereal_smooth_lag2_scn, tot_goat_cereal_smooth_lag3_scn, water_price_smooth_lag2_scn"
0.0199668594410679,0.140581927059834,-0.0189609877470915,0.0150399920660245,"cdi_lag5_scn, measles_cases_rate_cat, malaria_cases_rate_cat, tot_wage_cereal_smooth_lag2_scn, tot_goat_cereal_smooth_lag3_scn, acled_fatalities_rate_cat"
0.0199669573360282,0.140584171947825,-0.0212427015220324,0.0150202801339685,"cdi_lag5_scn, measles_cases_rate_cat, malaria_cases_rate_cat, tot_wage_cereal_smooth_lag2_scn, water_price_smooth_lag2_scn, acled_fatalities_rate_cat"
0.0199636794654419,0.140571549500505,-0.0179307448418718,0.0150303003765732,"cdi_lag5_scn, measles_cases_rate_cat, malaria_cases_rate_cat, tot_goat_cereal_smooth_lag3_scn, water_price_smooth_lag2_scn, acled_fatalities_rate_cat"
0.0199738012412227,0.140601878201681,-0.0133924373951748,0.0150891089267313,"cdi_lag5_scn, measles_cases_rate_cat, sam_admissions_rate_lag1_scn, aidworkers_wounded_rate_scn, tot_wage_cereal_smooth_lag2_scn, tot_goat_cereal_smooth_lag3_scn"
0.0199813678977797,0.140628242170786,-0.0138934202513267,0.0150947158426872,"cdi_lag5_scn, measles_cases_rate_cat, sam_admissions_rate_lag1_scn, aidworkers_wounded_rate_scn, tot_wage_cereal_smooth_lag2_scn, water_price_smooth_lag2_scn"
0.0199669271548658,0.140581025843324,-0.0181759257858937,0.0150518484543898,"cdi_lag5_scn, measles_cases_rate_cat, sam_admissions_rate_lag1_scn, aidworkers_wounded_rate_scn, tot_wage_cereal_smooth_lag2_scn, acled_fatalities_rate_cat"
0.0199705420811434,0.140591757767528,-0.0105262580302303,0.0150738820842265,"cdi_lag5_scn, measles_cases_rate_cat, sam_admissions_rate_lag1_scn, aidworkers_wounded_rate_scn, tot_goat_cereal_smooth_lag3_scn, water_price_smooth_lag2_scn"
0.0199641841468459,0.140571418236833,-0.0155802657145893,0.0150503053395119,"cdi_lag5_scn, measles_cases_rate_cat, sam_admissions_rate_lag1_scn, aidworkers_wounded_rate_scn, tot_goat_cereal_smooth_lag3_scn, acled_fatalities_rate_cat"
0.0199632009074515,0.140571629447902,-0.014722110775336,0.0150117695238386,"cdi_lag5_scn, measles_cases_rate_cat, sam_admissions_rate_lag1_scn, aidworkers_wounded_rate_scn, water_price_smooth_lag2_scn, acled_fatalities_rate_cat"
0.0199762724512615,0.14060995906217,-0.0151677722263427,0.0150964257652174,"cdi_lag5_scn, measles_cases_rate_cat, sam_admissions_rate_lag1_scn, tot_wage_cereal_smooth_lag2_scn, tot_goat_cereal_smooth_lag3_scn, water_price_smooth_lag2_scn"
0.019970414355551,0.140590988376095,-0.0171146505408086,0.0150771476444665,"cdi_lag5_scn, measles_cases_rate_cat, sam_admissions_rate_lag1_scn, tot_wage_cereal_smooth_lag2_scn, tot_goat_cereal_smooth_lag3_scn, acled_fatalities_rate_cat"
0.0199693876749059,0.140589654425639,-0.0195574139951759,0.015053118664888,"cdi_lag5_scn, measles_cases_rate_cat, sam_admissions_rate_lag1_scn, tot_wage_cereal_smooth_lag2_scn, water_price_smooth_lag2_scn, acled_fatalities_rate_cat"
0.0199658360630482,0.140576702169471,-0.0160381551759389,0.0150564445487337,"cdi_lag5_scn, measles_cases_rate_cat, sam_admissions_rate_lag1_scn, tot_goat_cereal_smooth_lag3_scn, water_price_smooth_lag2_scn, acled_fatalities_rate_cat"
0.0199723895077155,0.140599243455646,-0.0200816086753097,0.0150643894818757,"cdi_lag5_scn, measles_cases_rate_cat, aidworkers_wounded_rate_scn, tot_wage_cereal_smooth_lag2_scn, tot_goat_cereal_smooth_lag3_scn, water_price_smooth_lag2_scn"
0.0199595737709669,0.140557719542009,-0.0230741618151914,0.0150222519438071,"cdi_lag5_scn, measles_cases_rate_cat, aidworkers_wounded_rate_scn, tot_wage_cereal_smooth_lag2_scn, tot_goat_cereal_smooth_lag3_scn, acled_fatalities_rate_cat"
0.0199597457402209,0.140560240173844,-0.0249344590661454,0.0150023932347201,"cdi_lag5_scn, measles_cases_rate_cat, aidworkers_wounded_rate_scn, tot_wage_cereal_smooth_lag2_scn, water_price_smooth_lag2_scn, acled_fatalities_rate_cat"
0.0199563673010542,0.140547464686121,-0.0215213987522065,0.0150102731989999,"cdi_lag5_scn, measles_cases_rate_cat, aidworkers_wounded_rate_scn, tot_goat_cereal_smooth_lag3_scn, water_price_smooth_lag2_scn, acled_fatalities_rate_cat"
0.0199643694179484,0.14057374831403,-0.0242631259617183,0.0150329527997663,"cdi_lag5_scn, measles_cases_rate_cat, tot_wage_cereal_smooth_lag2_scn, tot_goat_cereal_smooth_lag3_scn, water_price_smooth_lag2_scn, acled_fatalities_rate_cat"
0.0199768818344791,0.140616320036799,-0.0105143380010472,0.0150529573981556,"cdi_lag5_scn, malaria_cases_rate_cat, sam_admissions_rate_lag1_scn, aidworkers_wounded_rate_scn, tot_wage_cereal_smooth_lag2_scn, tot_goat_cereal_smooth_lag3_scn"
0.0199846552473678,0.140644107520149,-0.0103686724210719,0.0150514033021876,"cdi_lag5_scn, malaria_cases_rate_cat, sam_admissions_rate_lag1_scn, aidworkers_wounded_rate_scn, tot_wage_cereal_smooth_lag2_scn, water_price_smooth_lag2_scn"
0.0199691491039419,0.140593082435232,-0.0134978226121327,0.0150086743548836,"cdi_lag5_scn, malaria_cases_rate_cat, sam_admissions_rate_lag1_scn, aidworkers_wounded_rate_scn, tot_wage_cereal_smooth_lag2_scn, acled_fatalities_rate_cat"
0.0199741195002208,0.140607936124859,-0.00790604039140377,0.0150380184469008,"cdi_lag5_scn, malaria_cases_rate_cat, sam_admissions_rate_lag1_scn, aidworkers_wounded_rate_scn, tot_goat_cereal_smooth_lag3_scn, water_price_smooth_lag2_scn"
0.0199666649164626,0.140584044133861,-0.011475359243385,0.0150107906162017,"cdi_lag5_scn, malaria_cases_rate_cat, sam_admissions_rate_lag1_scn, aidworkers_wounded_rate_scn, tot_goat_cereal_smooth_lag3_scn, acled_fatalities_rate_cat"
0.0199643463338296,0.140580228767051,-0.01141045730286,0.0149646106098172,"cdi_lag5_scn, malaria_cases_rate_cat, sam_admissions_rate_lag1_scn, aidworkers_wounded_rate_scn, water_price_smooth_lag2_scn, acled_fatalities_rate_cat"
0.0199794812609806,0.140625312591101,-0.0109922717105118,0.015055553410092,"cdi_lag5_scn, malaria_cases_rate_cat, sam_admissions_rate_lag1_scn, tot_wage_cereal_smooth_lag2_scn, tot_goat_cereal_smooth_lag3_scn, water_price_smooth_lag2_scn"
0.0199739245607641,0.140607295221649,-0.0122290918013444,0.0150374750841649,"cdi_lag5_scn, malaria_cases_rate_cat, sam_admissions_rate_lag1_scn, tot_wage_cereal_smooth_lag2_scn, tot_goat_cereal_smooth_lag3_scn, acled_fatalities_rate_cat"
0.0199727219607217,0.14060584411946,-0.0146264797637173,0.0150080926383015,"cdi_lag5_scn, malaria_cases_rate_cat, sam_admissions_rate_lag1_scn, tot_wage_cereal_smooth_lag2_scn, water_price_smooth_lag2_scn, acled_fatalities_rate_cat"
0.0199693815693897,0.140593181979164,-0.0119814237678303,0.0150162412208858,"cdi_lag5_scn, malaria_cases_rate_cat, sam_admissions_rate_lag1_scn, tot_goat_cereal_smooth_lag3_scn, water_price_smooth_lag2_scn, acled_fatalities_rate_cat"
0.0199741251382493,0.140608429314631,-0.0191758220925981,0.0150331021387155,"cdi_lag5_scn, malaria_cases_rate_cat, aidworkers_wounded_rate_scn, tot_wage_cereal_smooth_lag2_scn, tot_goat_cereal_smooth_lag3_scn, water_price_smooth_lag2_scn"
0.0199601653343849,0.140563484380276,-0.0218581733319499,0.0149841469286267,"cdi_lag5_scn, malaria_cases_rate_cat, aidworkers_wounded_rate_scn, tot_wage_cereal_smooth_lag2_scn, tot_goat_cereal_smooth_lag3_scn, acled_fatalities_rate_cat"
0.0199601574471266,0.140565945468631,-0.023292036603833,0.014958179540021,"cdi_lag5_scn, malaria_cases_rate_cat, aidworkers_wounded_rate_scn, tot_wage_cereal_smooth_lag2_scn, water_price_smooth_lag2_scn, acled_fatalities_rate_cat"
0.0199581512791135,0.140557021734283,-0.0203695262667131,0.0149768310066543,"cdi_lag5_scn, malaria_cases_rate_cat, aidworkers_wounded_rate_scn, tot_goat_cereal_smooth_lag3_scn, water_price_smooth_lag2_scn, acled_fatalities_rate_cat"
0.0199655171619042,0.140581275236751,-0.0229857986977798,0.0149971187867305,"cdi_lag5_scn, malaria_cases_rate_cat, tot_wage_cereal_smooth_lag2_scn, tot_goat_cereal_smooth_lag3_scn, water_price_smooth_lag2_scn, acled_fatalities_rate_cat"
0.0199772351610342,0.140615611900291,-0.0178652711915424,0.0150733337365807,"cdi_lag5_scn, sam_admissions_rate_lag1_scn, aidworkers_wounded_rate_scn, tot_wage_cereal_smooth_lag2_scn, tot_goat_cereal_smooth_lag3_scn, water_price_smooth_lag2_scn"
0.019965871271779,0.140578749936266,-0.02073349964086,0.0150364866661751,"cdi_lag5_scn, sam_admissions_rate_lag1_scn, aidworkers_wounded_rate_scn, tot_wage_cereal_smooth_lag2_scn, tot_goat_cereal_smooth_lag3_scn, acled_fatalities_rate_cat"
0.0199651983285653,0.140579399045642,-0.0224363359187939,0.0150048470883876,"cdi_lag5_scn, sam_admissions_rate_lag1_scn, aidworkers_wounded_rate_scn, tot_wage_cereal_smooth_lag2_scn, water_price_smooth_lag2_scn, acled_fatalities_rate_cat"
0.0199623048939173,0.140567979707549,-0.0194952221903873,0.01501658249534,"cdi_lag5_scn, sam_admissions_rate_lag1_scn, aidworkers_wounded_rate_scn, tot_goat_cereal_smooth_lag3_scn, water_price_smooth_lag2_scn, acled_fatalities_rate_cat"
0.0199676533002475,0.140585166503309,-0.0219904466454402,0.0150356709004666,"cdi_lag5_scn, sam_admissions_rate_lag1_scn, tot_wage_cereal_smooth_lag2_scn, tot_goat_cereal_smooth_lag3_scn, water_price_smooth_lag2_scn, acled_fatalities_rate_cat"
0.0199587726177333,0.140558374064416,-0.0275678165593251,0.0149857746658091,"cdi_lag5_scn, aidworkers_wounded_rate_scn, tot_wage_cereal_smooth_lag2_scn, tot_goat_cereal_smooth_lag3_scn, water_price_smooth_lag2_scn, acled_fatalities_rate_cat"
0.0199771914774155,0.140612662752203,-0.00635383288494624,0.0151022644052918,"measles_cases_rate_cat, malaria_cases_rate_cat, sam_admissions_rate_lag1_scn, aidworkers_wounded_rate_scn, tot_wage_cereal_smooth_lag2_scn, tot_goat_cereal_smooth_lag3_scn"
0.0199822919829346,0.140630521178086,-0.00590468182441205,0.0151051314354719,"measles_cases_rate_cat, malaria_cases_rate_cat, sam_admissions_rate_lag1_scn, aidworkers_wounded_rate_scn, tot_wage_cereal_smooth_lag2_scn, water_price_smooth_lag2_scn"
0.0199742118487565,0.140605259390331,-0.00863592865257292,0.015069206295337,"measles_cases_rate_cat, malaria_cases_rate_cat, sam_admissions_rate_lag1_scn, aidworkers_wounded_rate_scn, tot_wage_cereal_smooth_lag2_scn, acled_fatalities_rate_cat"
0.0199743337460171,0.140603996253553,-0.0048525194266082,0.0150867853710166,"measles_cases_rate_cat, malaria_cases_rate_cat, sam_admissions_rate_lag1_scn, aidworkers_wounded_rate_scn, tot_goat_cereal_smooth_lag3_scn, water_price_smooth_lag2_scn"
0.0199722893184514,0.140599007345556,-0.00806118521402442,0.015063143094456,"measles_cases_rate_cat, malaria_cases_rate_cat, sam_admissions_rate_lag1_scn, aidworkers_wounded_rate_scn, tot_goat_cereal_smooth_lag3_scn, acled_fatalities_rate_cat"
0.0199697796004788,0.14059348657582,-0.00751528420620827,0.0150277939880852,"measles_cases_rate_cat, malaria_cases_rate_cat, sam_admissions_rate_lag1_scn, aidworkers_wounded_rate_scn, water_price_smooth_lag2_scn, acled_fatalities_rate_cat"
0.0199795179793422,0.140619979577046,-0.0072110466164633,0.015112148280752,"measles_cases_rate_cat, malaria_cases_rate_cat, sam_admissions_rate_lag1_scn, tot_wage_cereal_smooth_lag2_scn, tot_goat_cereal_smooth_lag3_scn, water_price_smooth_lag2_scn"
0.0199784476047068,0.140618106120685,-0.00852098976605049,0.0150921552741999,"measles_cases_rate_cat, malaria_cases_rate_cat, sam_admissions_rate_lag1_scn, tot_wage_cereal_smooth_lag2_scn, tot_goat_cereal_smooth_lag3_scn, acled_fatalities_rate_cat"
0.0199766501229206,0.140613522329943,-0.00963454804051345,0.0150734299306647,"measles_cases_rate_cat, malaria_cases_rate_cat, sam_admissions_rate_lag1_scn, tot_wage_cereal_smooth_lag2_scn, water_price_smooth_lag2_scn, acled_fatalities_rate_cat"
0.0199736648730281,0.140603082061418,-0.00874880254657964,0.0150716137843542,"measles_cases_rate_cat, malaria_cases_rate_cat, sam_admissions_rate_lag1_scn, tot_goat_cereal_smooth_lag3_scn, water_price_smooth_lag2_scn, acled_fatalities_rate_cat"
0.0199755782244853,0.140608765077469,-0.0134012645019198,0.0150832286506331,"measles_cases_rate_cat, malaria_cases_rate_cat, aidworkers_wounded_rate_scn, tot_wage_cereal_smooth_lag2_scn, tot_goat_cereal_smooth_lag3_scn, water_price_smooth_lag2_scn"
0.0199671491702726,0.140583270852064,-0.0158190583792031,0.0150367374862627,"measles_cases_rate_cat, malaria_cases_rate_cat, aidworkers_wounded_rate_scn, tot_wage_cereal_smooth_lag2_scn, tot_goat_cereal_smooth_lag3_scn, acled_fatalities_rate_cat"
0.0199663186782999,0.14058163708867,-0.0162956918071672,0.0150230190696163,"measles_cases_rate_cat, malaria_cases_rate_cat, aidworkers_wounded_rate_scn, tot_wage_cereal_smooth_lag2_scn, water_price_smooth_lag2_scn, acled_fatalities_rate_cat"
0.0199643407959874,0.14057399915167,-0.0152091352627611,0.015029288387597,"measles_cases_rate_cat, malaria_cases_rate_cat, aidworkers_wounded_rate_scn, tot_goat_cereal_smooth_lag3_scn, water_price_smooth_lag2_scn, acled_fatalities_rate_cat"
0.019971610841216,0.14059753482432,-0.0169588778395931,0.0150533880475835,"measles_cases_rate_cat, malaria_cases_rate_cat, tot_wage_cereal_smooth_lag2_scn, tot_goat_cereal_smooth_lag3_scn, water_price_smooth_lag2_scn, acled_fatalities_rate_cat"
0.0199772325980777,0.140611603653059,-0.0125882788155726,0.0151147285120135,"measles_cases_rate_cat, sam_admissions_rate_lag1_scn, aidworkers_wounded_rate_scn, tot_wage_cereal_smooth_lag2_scn, tot_goat_cereal_smooth_lag3_scn, water_price_smooth_lag2_scn"
0.019971415670578,0.140594140080729,-0.0151986966479584,0.0150813882922082,"measles_cases_rate_cat, sam_admissions_rate_lag1_scn, aidworkers_wounded_rate_scn, tot_wage_cereal_smooth_lag2_scn, tot_goat_cereal_smooth_lag3_scn, acled_fatalities_rate_cat"
0.019969789469515,0.140590295785456,-0.0159786956329204,0.0150612896184258,"measles_cases_rate_cat, sam_admissions_rate_lag1_scn, aidworkers_wounded_rate_scn, tot_wage_cereal_smooth_lag2_scn, water_price_smooth_lag2_scn, acled_fatalities_rate_cat"
0.0199672229034485,0.140581017322453,-0.014483544666757,0.0150628487800173,"measles_cases_rate_cat, sam_admissions_rate_lag1_scn, aidworkers_wounded_rate_scn, tot_goat_cereal_smooth_lag3_scn, water_price_smooth_lag2_scn, acled_fatalities_rate_cat"
0.0199722434116544,0.140596734250848,-0.0162527585227321,0.0150850083655832,"measles_cases_rate_cat, sam_admissions_rate_lag1_scn, tot_wage_cereal_smooth_lag2_scn, tot_goat_cereal_smooth_lag3_scn, water_price_smooth_lag2_scn, acled_fatalities_rate_cat"
0.0199646505632912,0.140574910327944,-0.0208220094773137,0.0150312692441691,"measles_cases_rate_cat, aidworkers_wounded_rate_scn, tot_wage_cereal_smooth_lag2_scn, tot_goat_cereal_smooth_lag3_scn, water_price_smooth_lag2_scn, acled_fatalities_rate_cat"
0.0199810043119381,0.140627172904729,-0.0082870156952527,0.0150924025317205,"malaria_cases_rate_cat, sam_admissions_rate_lag1_scn, aidworkers_wounded_rate_scn, tot_wage_cereal_smooth_lag2_scn, tot_goat_cereal_smooth_lag3_scn, water_price_smooth_lag2_scn"
0.0199745523681978,0.140608557976393,-0.0102457558446092,0.0150475465699398,"malaria_cases_rate_cat, sam_admissions_rate_lag1_scn, aidworkers_wounded_rate_scn, tot_wage_cereal_smooth_lag2_scn, tot_goat_cereal_smooth_lag3_scn, acled_fatalities_rate_cat"
0.0199733455710973,0.140606560142352,-0.0107062513864849,0.0150237151801322,"malaria_cases_rate_cat, sam_admissions_rate_lag1_scn, aidworkers_wounded_rate_scn, tot_wage_cereal_smooth_lag2_scn, water_price_smooth_lag2_scn, acled_fatalities_rate_cat"
0.0199710425731741,0.140597918666354,-0.0102675882050811,0.0150284116061458,"malaria_cases_rate_cat, sam_admissions_rate_lag1_scn, aidworkers_wounded_rate_scn, tot_goat_cereal_smooth_lag3_scn, water_price_smooth_lag2_scn, acled_fatalities_rate_cat"
0.019976308021474,0.140614565179138,-0.0110885167101208,0.0150499937599078,"malaria_cases_rate_cat, sam_admissions_rate_lag1_scn, tot_wage_cereal_smooth_lag2_scn, tot_goat_cereal_smooth_lag3_scn, water_price_smooth_lag2_scn, acled_fatalities_rate_cat"
0.0199672546675399,0.140587096197613,-0.0180336257846491,0.015000853689147,"malaria_cases_rate_cat, aidworkers_wounded_rate_scn, tot_wage_cereal_smooth_lag2_scn, tot_goat_cereal_smooth_lag3_scn, water_price_smooth_lag2_scn, acled_fatalities_rate_cat"
0.0199699336476006,0.140591965143068,-0.0185040649479876,0.015049288828193,"sam_admissions_rate_lag1_scn, aidworkers_wounded_rate_scn, tot_wage_cereal_smooth_lag2_scn, tot_goat_cereal_smooth_lag3_scn, water_price_smooth_lag2_scn, acled_fatalities_rate_cat"
0.0199763457638256,0.140614844783437,-0.00353480521152222,0.0150484842483528,"cdi_lag5_scn, measles_cases_rate_cat, malaria_cases_rate_cat, sam_admissions_rate_lag1_scn, aidworkers_wounded_rate_scn"
0.0199795604105324,0.140622272795503,-0.00717161607763708,0.0150899821205831,"cdi_lag5_scn, measles_cases_rate_cat, malaria_cases_rate_cat, sam_admissions_rate_lag1_scn, tot_wage_cereal_smooth_lag2_scn"
0.0199731277761849,0.140601402265024,-0.00440100270305641,0.01506922755868,"cdi_lag5_scn, measles_cases_rate_cat, malaria_cases_rate_cat, sam_admissions_rate_lag1_scn, tot_goat_cereal_smooth_lag3_scn"
0.0199786191633553,0.1406220170496,-0.00369190862501086,0.0150579430592268,"cdi_lag5_scn, measles_cases_rate_cat, malaria_cases_rate_cat, sam_admissions_rate_lag1_scn, water_price_smooth_lag2_scn"
0.0199710863077681,0.140597486463022,-0.00815841589552785,0.0150345198367078,"cdi_lag5_scn, measles_cases_rate_cat, malaria_cases_rate_cat, sam_admissions_rate_lag1_scn, acled_fatalities_rate_cat"
0.0199736838072852,0.140605160761234,-0.0145105250668478,0.0150507502431272,"cdi_lag5_scn, measles_cases_rate_cat, malaria_cases_rate_cat, aidworkers_wounded_rate_scn, tot_wage_cereal_smooth_lag2_scn"
0.0199654337978175,0.140575797939082,-0.0115411953430937,0.0150509812012376,"cdi_lag5_scn, measles_cases_rate_cat, malaria_cases_rate_cat, aidworkers_wounded_rate_scn, tot_goat_cereal_smooth_lag3_scn"
0.0199733740289882,0.140605319911247,-0.00911932756374164,0.0150376579753135,"cdi_lag5_scn, measles_cases_rate_cat, malaria_cases_rate_cat, aidworkers_wounded_rate_scn, water_price_smooth_lag2_scn"
0.0199588840429235,0.14055840369299,-0.0146436099991232,0.0149895961772717,"cdi_lag5_scn, measles_cases_rate_cat, malaria_cases_rate_cat, aidworkers_wounded_rate_scn, acled_fatalities_rate_cat"
0.0199716803793079,0.140596598634496,-0.0148291628000739,0.0150656648530593,"cdi_lag5_scn, measles_cases_rate_cat, malaria_cases_rate_cat, tot_wage_cereal_smooth_lag2_scn, tot_goat_cereal_smooth_lag3_scn"
0.0199791384032331,0.140623416933343,-0.0156643740340092,0.0150625736779808,"cdi_lag5_scn, measles_cases_rate_cat, malaria_cases_rate_cat, tot_wage_cereal_smooth_lag2_scn, water_price_smooth_lag2_scn"
0.0199664077081978,0.140581232332133,-0.0189104538785333,0.0150305179986416,"cdi_lag5_scn, measles_cases_rate_cat, malaria_cases_rate_cat, tot_wage_cereal_smooth_lag2_scn, acled_fatalities_rate_cat"
0.019969927235799,0.140590676388492,-0.0120893581091584,0.0150624237545481,"cdi_lag5_scn, measles_cases_rate_cat, malaria_cases_rate_cat, tot_goat_cereal_smooth_lag3_scn, water_price_smooth_lag2_scn"
0.0199637708467417,0.140571282274808,-0.0165467291964197,0.0150364537174782,"cdi_lag5_scn, measles_cases_rate_cat, malaria_cases_rate_cat, tot_goat_cereal_smooth_lag3_scn, acled_fatalities_rate_cat"
0.0199644113503165,0.14057609828552,-0.0153278878422565,0.0150100685147752,"cdi_lag5_scn, measles_cases_rate_cat, malaria_cases_rate_cat, water_price_smooth_lag2_scn, acled_fatalities_rate_cat"
0.0199783032639197,0.140617302500077,-0.0121289418587714,0.0150951611644096,"cdi_lag5_scn, measles_cases_rate_cat, sam_admissions_rate_lag1_scn, aidworkers_wounded_rate_scn, tot_wage_cereal_smooth_lag2_scn"
0.0199694994176206,0.140588087672213,-0.00955861403394873,0.0150734874786045,"cdi_lag5_scn, measles_cases_rate_cat, sam_admissions_rate_lag1_scn, aidworkers_wounded_rate_scn, tot_goat_cereal_smooth_lag3_scn"
0.0199771525815979,0.140616490416276,-0.00711701767363313,0.0150611791115569,"cdi_lag5_scn, measles_cases_rate_cat, sam_admissions_rate_lag1_scn, aidworkers_wounded_rate_scn, water_price_smooth_lag2_scn"
0.0199632423966152,0.140571008931376,-0.0135922769888558,0.0150197590093976,"cdi_lag5_scn, measles_cases_rate_cat, sam_admissions_rate_lag1_scn, aidworkers_wounded_rate_scn, acled_fatalities_rate_cat"
0.0199747016150994,0.140604252637389,-0.01288860151686,0.0150976729399166,"cdi_lag5_scn, measles_cases_rate_cat, sam_admissions_rate_lag1_scn, tot_wage_cereal_smooth_lag2_scn, tot_goat_cereal_smooth_lag3_scn"
0.0199810305470689,0.14062655644724,-0.0140744777180565,0.0150997486682633,"cdi_lag5_scn, measles_cases_rate_cat, sam_admissions_rate_lag1_scn, tot_wage_cereal_smooth_lag2_scn, water_price_smooth_lag2_scn"
0.0199699653968164,0.140590282946312,-0.0171473251539403,0.015067910637895,"cdi_lag5_scn, measles_cases_rate_cat, sam_admissions_rate_lag1_scn, tot_wage_cereal_smooth_lag2_scn, acled_fatalities_rate_cat"
0.0199711780389108,0.140593185724597,-0.0101607141615301,0.0150825199309122,"cdi_lag5_scn, measles_cases_rate_cat, sam_admissions_rate_lag1_scn, tot_goat_cereal_smooth_lag3_scn, water_price_smooth_lag2_scn"
0.0199670476503609,0.140580080265929,-0.014539998659946,0.0150661018620478,"cdi_lag5_scn, measles_cases_rate_cat, sam_admissions_rate_lag1_scn, tot_goat_cereal_smooth_lag3_scn, acled_fatalities_rate_cat"
0.0199666559513285,0.140582102939671,-0.0136241582979865,0.015030645893866,"cdi_lag5_scn, measles_cases_rate_cat, sam_admissions_rate_lag1_scn, water_price_smooth_lag2_scn, acled_fatalities_rate_cat"
0.0199690596867014,0.140587457835201,-0.0184984445692983,0.0150638045267095,"cdi_lag5_scn, measles_cases_rate_cat, aidworkers_wounded_rate_scn, tot_wage_cereal_smooth_lag2_scn, tot_goat_cereal_smooth_lag3_scn"
0.0199774430517906,0.140617387874345,-0.0185336123937419,0.0150625834875199,"cdi_lag5_scn, measles_cases_rate_cat, aidworkers_wounded_rate_scn, tot_wage_cereal_smooth_lag2_scn, water_price_smooth_lag2_scn"
0.0199592188574949,0.1405574750149,-0.0226776345926666,0.0150116649062052,"cdi_lag5_scn, measles_cases_rate_cat, aidworkers_wounded_rate_scn, tot_wage_cereal_smooth_lag2_scn, acled_fatalities_rate_cat"
0.0199672393996971,0.140581518838272,-0.0151660686670777,0.0150582557947322,"cdi_lag5_scn, measles_cases_rate_cat, aidworkers_wounded_rate_scn, tot_goat_cereal_smooth_lag3_scn, water_price_smooth_lag2_scn"
0.0199564694060206,0.140547236219432,-0.0201212369715778,0.0150164279337203,"cdi_lag5_scn, measles_cases_rate_cat, aidworkers_wounded_rate_scn, tot_goat_cereal_smooth_lag3_scn, acled_fatalities_rate_cat"
0.0199570097929484,0.140551885533229,-0.0184623043914581,0.0149880421226188,"cdi_lag5_scn, measles_cases_rate_cat, aidworkers_wounded_rate_scn, water_price_smooth_lag2_scn, acled_fatalities_rate_cat"
0.0199744784182031,0.140605675269665,-0.0196924111241682,0.0150747213043932,"cdi_lag5_scn, measles_cases_rate_cat, tot_wage_cereal_smooth_lag2_scn, tot_goat_cereal_smooth_lag3_scn, water_price_smooth_lag2_scn"
0.0199639463481272,0.140571322534249,-0.0221397727840516,0.0150425185944978,"cdi_lag5_scn, measles_cases_rate_cat, tot_wage_cereal_smooth_lag2_scn, tot_goat_cereal_smooth_lag3_scn, acled_fatalities_rate_cat"
0.019964335933973,0.140574578547546,-0.0240006021020324,0.015023085944007,"cdi_lag5_scn, measles_cases_rate_cat, tot_wage_cereal_smooth_lag2_scn, water_price_smooth_lag2_scn, acled_fatalities_rate_cat"
0.0199606976196367,0.1405608722356,-0.0206452000933687,0.0150310351533865,"cdi_lag5_scn, measles_cases_rate_cat, tot_goat_cereal_smooth_lag3_scn, water_price_smooth_lag2_scn, acled_fatalities_rate_cat"
0.0199824966418672,0.140636344007168,-0.0101344927992546,0.0150523304273472,"cdi_lag5_scn, malaria_cases_rate_cat, sam_admissions_rate_lag1_scn, aidworkers_wounded_rate_scn, tot_wage_cereal_smooth_lag2_scn"
0.0199729835414393,0.140603704583713,-0.00783671377626356,0.0150400132526297,"cdi_lag5_scn, malaria_cases_rate_cat, sam_admissions_rate_lag1_scn, aidworkers_wounded_rate_scn, tot_goat_cereal_smooth_lag3_scn"
0.0199799753916133,0.140630435272109,-0.00559273396902779,0.0150205809471333,"cdi_lag5_scn, malaria_cases_rate_cat, sam_admissions_rate_lag1_scn, aidworkers_wounded_rate_scn, water_price_smooth_lag2_scn"
0.0199642034929037,0.140578989862569,-0.0104418006165686,0.0149722373494535,"cdi_lag5_scn, malaria_cases_rate_cat, sam_admissions_rate_lag1_scn, aidworkers_wounded_rate_scn, acled_fatalities_rate_cat"
0.0199778480059163,0.14061896677267,-0.0100046235204631,0.0150611416751519,"cdi_lag5_scn, malaria_cases_rate_cat, sam_admissions_rate_lag1_scn, tot_wage_cereal_smooth_lag2_scn, tot_goat_cereal_smooth_lag3_scn"
0.0199843124238165,0.140642449238946,-0.010440452229483,0.0150559658123047,"cdi_lag5_scn, malaria_cases_rate_cat, sam_admissions_rate_lag1_scn, tot_wage_cereal_smooth_lag2_scn, water_price_smooth_lag2_scn"
0.0199732907377133,0.140606092475855,-0.012550198016379,0.0150265504426313,"cdi_lag5_scn, malaria_cases_rate_cat, sam_admissions_rate_lag1_scn, tot_wage_cereal_smooth_lag2_scn, acled_fatalities_rate_cat"
0.0199749593776045,0.140610068959452,-0.00761914839375272,0.0150468854223679,"cdi_lag5_scn, malaria_cases_rate_cat, sam_admissions_rate_lag1_scn, tot_goat_cereal_smooth_lag3_scn, water_price_smooth_lag2_scn"
0.019970386565516,0.140595640006043,-0.0107166308768635,0.0150278473658893,"cdi_lag5_scn, malaria_cases_rate_cat, sam_admissions_rate_lag1_scn, tot_goat_cereal_smooth_lag3_scn, acled_fatalities_rate_cat"
0.0199687530688303,0.140593866987964,-0.0105439881185199,0.0149858316122945,"cdi_lag5_scn, malaria_cases_rate_cat, sam_admissions_rate_lag1_scn, water_price_smooth_lag2_scn, acled_fatalities_rate_cat"
0.0199714944114705,0.140599093022941,-0.0190658089323895,0.0150329065939761,"cdi_lag5_scn, malaria_cases_rate_cat, aidworkers_wounded_rate_scn, tot_wage_cereal_smooth_lag2_scn, tot_goat_cereal_smooth_lag3_scn"
0.0199801473827969,0.140630761685824,-0.0177971122622215,0.0150235463508963,"cdi_lag5_scn, malaria_cases_rate_cat, aidworkers_wounded_rate_scn, tot_wage_cereal_smooth_lag2_scn, water_price_smooth_lag2_scn"
0.0199594744591546,0.140562799299181,-0.0214189078382987,0.0149656611515509,"cdi_lag5_scn, malaria_cases_rate_cat, aidworkers_wounded_rate_scn, tot_wage_cereal_smooth_lag2_scn, acled_fatalities_rate_cat"
0.0199702337643239,0.140594724361362,-0.01554514181431,0.0150317163238472,"cdi_lag5_scn, malaria_cases_rate_cat, aidworkers_wounded_rate_scn, tot_goat_cereal_smooth_lag3_scn, water_price_smooth_lag2_scn"
0.0199578534519065,0.140555509540625,-0.019291525414926,0.0149815512355744,"cdi_lag5_scn, malaria_cases_rate_cat, aidworkers_wounded_rate_scn, tot_goat_cereal_smooth_lag3_scn, acled_fatalities_rate_cat"
0.0199578190238458,0.14055878656791,-0.0173480226507077,0.0149460712936139,"cdi_lag5_scn, malaria_cases_rate_cat, aidworkers_wounded_rate_scn, water_price_smooth_lag2_scn, acled_fatalities_rate_cat"
0.019975709959992,0.140613117324846,-0.0191471181261571,0.0150429457879414,"cdi_lag5_scn, malaria_cases_rate_cat, tot_wage_cereal_smooth_lag2_scn, tot_goat_cereal_smooth_lag3_scn, water_price_smooth_lag2_scn"
0.0199648919106213,0.14057826430493,-0.0212871674084489,0.0150053144524292,"cdi_lag5_scn, malaria_cases_rate_cat, tot_wage_cereal_smooth_lag2_scn, tot_goat_cereal_smooth_lag3_scn, acled_fatalities_rate_cat"
0.0199652244681936,0.140581819510703,-0.0226208388479368,0.0149805982395711,"cdi_lag5_scn, malaria_cases_rate_cat, tot_wage_cereal_smooth_lag2_scn, water_price_smooth_lag2_scn, acled_fatalities_rate_cat"
0.0199627812539323,0.140571416219358,-0.0199354152252356,0.0149984516243978,"cdi_lag5_scn, malaria_cases_rate_cat, tot_goat_cereal_smooth_lag3_scn, water_price_smooth_lag2_scn, acled_fatalities_rate_cat"
0.0199754104330751,0.140608976160033,-0.0167623883324665,0.0150748597304071,"cdi_lag5_scn, sam_admissions_rate_lag1_scn, aidworkers_wounded_rate_scn, tot_wage_cereal_smooth_lag2_scn, tot_goat_cereal_smooth_lag3_scn"
0.0199845006186487,0.140641551934948,-0.0160305423488614,0.0150722146119539,"cdi_lag5_scn, sam_admissions_rate_lag1_scn, aidworkers_wounded_rate_scn, tot_wage_cereal_smooth_lag2_scn, water_price_smooth_lag2_scn"
0.0199652781255819,0.140578476466876,-0.0205035076844237,0.015017400271907,"cdi_lag5_scn, sam_admissions_rate_lag1_scn, aidworkers_wounded_rate_scn, tot_wage_cereal_smooth_lag2_scn, acled_fatalities_rate_cat"
0.0199729192941052,0.140601438836209,-0.0136229740002354,0.0150611601771303,"cdi_lag5_scn, sam_admissions_rate_lag1_scn, aidworkers_wounded_rate_scn, tot_goat_cereal_smooth_lag3_scn, water_price_smooth_lag2_scn"
0.0199629068465931,0.140569260822251,-0.0182280352461603,0.0150255248929953,"cdi_lag5_scn, sam_admissions_rate_lag1_scn, aidworkers_wounded_rate_scn, tot_goat_cereal_smooth_lag3_scn, acled_fatalities_rate_cat"
0.0199616957209132,0.140569616577592,-0.0168769078266414,0.0149769681007499,"cdi_lag5_scn, sam_admissions_rate_lag1_scn, aidworkers_wounded_rate_scn, water_price_smooth_lag2_scn, acled_fatalities_rate_cat"
0.0199770289642845,0.140614399058166,-0.0180813750702043,0.0150783045685331,"cdi_lag5_scn, sam_admissions_rate_lag1_scn, tot_wage_cereal_smooth_lag2_scn, tot_goat_cereal_smooth_lag3_scn, water_price_smooth_lag2_scn"
0.0199683135908221,0.140586172437348,-0.0198834625501667,0.0150496109303077,"cdi_lag5_scn, sam_admissions_rate_lag1_scn, tot_wage_cereal_smooth_lag2_scn, tot_goat_cereal_smooth_lag3_scn, acled_fatalities_rate_cat"
0.0199677778737768,0.140587263197681,-0.0216675563894433,0.0150184812208428,"cdi_lag5_scn, sam_admissions_rate_lag1_scn, tot_wage_cereal_smooth_lag2_scn, water_price_smooth_lag2_scn, acled_fatalities_rate_cat"
0.0199647619579715,0.140575406995949,-0.0186937382165655,0.0150302253215492,"cdi_lag5_scn, sam_admissions_rate_lag1_scn, tot_goat_cereal_smooth_lag3_scn, water_price_smooth_lag2_scn, acled_fatalities_rate_cat"
0.0199741992434282,0.140607357494556,-0.0231955006424778,0.0150469731849706,"cdi_lag5_scn, aidworkers_wounded_rate_scn, tot_wage_cereal_smooth_lag2_scn, tot_goat_cereal_smooth_lag3_scn, water_price_smooth_lag2_scn"
0.0199581118050577,0.140555366498484,-0.0259316511439127,0.0149926186851476,"cdi_lag5_scn, aidworkers_wounded_rate_scn, tot_wage_cereal_smooth_lag2_scn, tot_goat_cereal_smooth_lag3_scn, acled_fatalities_rate_cat"
0.0199587888299418,0.140560147019901,-0.0268835721899231,0.0149678878375475,"cdi_lag5_scn, aidworkers_wounded_rate_scn, tot_wage_cereal_smooth_lag2_scn, water_price_smooth_lag2_scn, acled_fatalities_rate_cat"
0.0199559508631492,0.140548556672243,-0.0241655348740608,0.014983475360785,"cdi_lag5_scn, aidworkers_wounded_rate_scn, tot_goat_cereal_smooth_lag3_scn, water_price_smooth_lag2_scn, acled_fatalities_rate_cat"
0.0199629225845885,0.14057131479221,-0.0266452196581339,0.0150047415534721,"cdi_lag5_scn, tot_wage_cereal_smooth_lag2_scn, tot_goat_cereal_smooth_lag3_scn, water_price_smooth_lag2_scn, acled_fatalities_rate_cat"
0.0199795935807699,0.140620937552101,-0.00493311314808357,0.0151050213408975,"measles_cases_rate_cat, malaria_cases_rate_cat, sam_admissions_rate_lag1_scn, aidworkers_wounded_rate_scn, tot_wage_cereal_smooth_lag2_scn"
0.0199734974340926,0.140601051753942,-0.00432147238765731,0.0150864795900118,"measles_cases_rate_cat, malaria_cases_rate_cat, sam_admissions_rate_lag1_scn, aidworkers_wounded_rate_scn, tot_goat_cereal_smooth_lag3_scn"
0.0199786162121436,0.140620811282468,-0.00247872389351432,0.0150703404961911,"measles_cases_rate_cat, malaria_cases_rate_cat, sam_admissions_rate_lag1_scn, aidworkers_wounded_rate_scn, water_price_smooth_lag2_scn"
0.0199702182468065,0.140594172443443,-0.00634767864257495,0.0150368776956229,"measles_cases_rate_cat, malaria_cases_rate_cat, sam_admissions_rate_lag1_scn, aidworkers_wounded_rate_scn, acled_fatalities_rate_cat"
0.019978322320378,0.140615644650105,-0.0058792281024926,0.0151130113189292,"measles_cases_rate_cat, malaria_cases_rate_cat, sam_admissions_rate_lag1_scn, tot_wage_cereal_smooth_lag2_scn, tot_goat_cereal_smooth_lag3_scn"
0.0199823819127306,0.140630095094329,-0.00582633638412075,0.0151128446653323,"measles_cases_rate_cat, malaria_cases_rate_cat, sam_admissions_rate_lag1_scn, tot_wage_cereal_smooth_lag2_scn, water_price_smooth_lag2_scn"
0.019977391719479,0.140614827396066,-0.00798275926985467,0.0150872291784014,"measles_cases_rate_cat, malaria_cases_rate_cat, sam_admissions_rate_lag1_scn, tot_wage_cereal_smooth_lag2_scn, acled_fatalities_rate_cat"
0.0199751785733086,0.140605953758227,-0.00466593409598856,0.0150976208960236,"measles_cases_rate_cat, malaria_cases_rate_cat, sam_admissions_rate_lag1_scn, tot_goat_cereal_smooth_lag3_scn, water_price_smooth_lag2_scn"
0.0199751140294988,0.140607320588531,-0.00752890595822508,0.0150810928874909,"measles_cases_rate_cat, malaria_cases_rate_cat, sam_admissions_rate_lag1_scn, tot_goat_cereal_smooth_lag3_scn, acled_fatalities_rate_cat"
0.019973325443206,0.140604109622282,-0.00699715977432606,0.0150484329391404,"measles_cases_rate_cat, malaria_cases_rate_cat, sam_admissions_rate_lag1_scn, water_price_smooth_lag2_scn, acled_fatalities_rate_cat"
0.0199725890923224,0.140598175879767,-0.0121668136991966,0.0150828096264371,"measles_cases_rate_cat, malaria_cases_rate_cat, aidworkers_wounded_rate_scn, tot_wage_cereal_smooth_lag2_scn, tot_goat_cereal_smooth_lag3_scn"
0.0199787508933147,0.140620715872369,-0.0111340606320575,0.0150762934163105,"measles_cases_rate_cat, malaria_cases_rate_cat, aidworkers_wounded_rate_scn, tot_wage_cereal_smooth_lag2_scn, water_price_smooth_lag2_scn"
0.0199657693160624,0.140579064380392,-0.0144890063624813,0.0150294516051381,"measles_cases_rate_cat, malaria_cases_rate_cat, aidworkers_wounded_rate_scn, tot_wage_cereal_smooth_lag2_scn, acled_fatalities_rate_cat"
0.0199711927362204,0.140593493065985,-0.00996317656064382,0.0150798778261074,"measles_cases_rate_cat, malaria_cases_rate_cat, aidworkers_wounded_rate_scn, tot_goat_cereal_smooth_lag3_scn, water_price_smooth_lag2_scn"
0.0199643365695477,0.140573581220437,-0.0139420178277071,0.0150334749590177,"measles_cases_rate_cat, malaria_cases_rate_cat, aidworkers_wounded_rate_scn, tot_goat_cereal_smooth_lag3_scn, acled_fatalities_rate_cat"
0.019963295410248,0.140572041858624,-0.0116944499562348,0.0150109759082076,"measles_cases_rate_cat, malaria_cases_rate_cat, aidworkers_wounded_rate_scn, water_price_smooth_lag2_scn, acled_fatalities_rate_cat"
0.0199773057668715,0.140613706300798,-0.0132215492035305,0.0150956714629126,"measles_cases_rate_cat, malaria_cases_rate_cat, tot_wage_cereal_smooth_lag2_scn, tot_goat_cereal_smooth_lag3_scn, water_price_smooth_lag2_scn"
0.0199710943079845,0.140595103964464,-0.015258631951798,0.0150595502812485,"measles_cases_rate_cat, malaria_cases_rate_cat, tot_wage_cereal_smooth_lag2_scn, tot_goat_cereal_smooth_lag3_scn, acled_fatalities_rate_cat"
0.019970562598421,0.14059450509748,-0.0156860334027279,0.0150461414328572,"measles_cases_rate_cat, malaria_cases_rate_cat, tot_wage_cereal_smooth_lag2_scn, water_price_smooth_lag2_scn, acled_fatalities_rate_cat"
0.0199682401964293,0.140585646122239,-0.0147561578593998,0.0150523641857359,"measles_cases_rate_cat, malaria_cases_rate_cat, tot_goat_cereal_smooth_lag3_scn, water_price_smooth_lag2_scn, acled_fatalities_rate_cat"
0.0199754540963501,0.140605510187251,-0.0111145700596384,0.0151123423191066,"measles_cases_rate_cat, sam_admissions_rate_lag1_scn, aidworkers_wounded_rate_scn, tot_wage_cereal_smooth_lag2_scn, tot_goat_cereal_smooth_lag3_scn"
0.0199817206927666,0.140627653679985,-0.0104553256141349,0.0151137800709157,"measles_cases_rate_cat, sam_admissions_rate_lag1_scn, aidworkers_wounded_rate_scn, tot_wage_cereal_smooth_lag2_scn, water_price_smooth_lag2_scn"
0.0199702455231061,0.140590928709942,-0.0142737084360129,0.0150715437380101,"measles_cases_rate_cat, sam_admissions_rate_lag1_scn, aidworkers_wounded_rate_scn, tot_wage_cereal_smooth_lag2_scn, acled_fatalities_rate_cat"
0.0199726300805501,0.140596766742324,-0.00895636284919641,0.0150989058527292,"measles_cases_rate_cat, sam_admissions_rate_lag1_scn, aidworkers_wounded_rate_scn, tot_goat_cereal_smooth_lag3_scn, water_price_smooth_lag2_scn"
0.0199683257411183,0.140584221947287,-0.0132306144783052,0.0150702901466673,"measles_cases_rate_cat, sam_admissions_rate_lag1_scn, aidworkers_wounded_rate_scn, tot_goat_cereal_smooth_lag3_scn, acled_fatalities_rate_cat"
0.0199665438224142,0.140581403806423,-0.0118184201963451,0.0150337666689126,"measles_cases_rate_cat, sam_admissions_rate_lag1_scn, aidworkers_wounded_rate_scn, water_price_smooth_lag2_scn, acled_fatalities_rate_cat"
0.0199773443872527,0.140611279818801,-0.012537752118448,0.0151221829322096,"measles_cases_rate_cat, sam_admissions_rate_lag1_scn, tot_wage_cereal_smooth_lag2_scn, tot_goat_cereal_smooth_lag3_scn, water_price_smooth_lag2_scn"
0.0199733543083274,0.140599638834543,-0.0144215054448571,0.0150958370981137,"measles_cases_rate_cat, sam_admissions_rate_lag1_scn, tot_wage_cereal_smooth_lag2_scn, tot_goat_cereal_smooth_lag3_scn, acled_fatalities_rate_cat"
0.0199718886936489,0.140596405782423,-0.0152962368173093,0.0150753431769694,"measles_cases_rate_cat, sam_admissions_rate_lag1_scn, tot_wage_cereal_smooth_lag2_scn, water_price_smooth_lag2_scn, acled_fatalities_rate_cat"
0.0199691367207301,0.140586408628595,-0.013788131481477,0.0150775193083355,"measles_cases_rate_cat, sam_admissions_rate_lag1_scn, tot_goat_cereal_smooth_lag3_scn, water_price_smooth_lag2_scn, acled_fatalities_rate_cat"
0.0199746031197963,0.140604796909699,-0.0161975449590437,0.0150884137218854,"measles_cases_rate_cat, aidworkers_wounded_rate_scn, tot_wage_cereal_smooth_lag2_scn, tot_goat_cereal_smooth_lag3_scn, water_price_smooth_lag2_scn"
0.0199642579075797,0.140572964018429,-0.0191296972196077,0.0150369801435297,"measles_cases_rate_cat, aidworkers_wounded_rate_scn, tot_wage_cereal_smooth_lag2_scn, tot_goat_cereal_smooth_lag3_scn, acled_fatalities_rate_cat"
0.0199636286509884,0.140572026726805,-0.0194497804264368,0.0150234613893919,"measles_cases_rate_cat, aidworkers_wounded_rate_scn, tot_wage_cereal_smooth_lag2_scn, water_price_smooth_lag2_scn, acled_fatalities_rate_cat"
0.0199613829289558,0.140563563037957,-0.0180459416195871,0.0150284055127488,"measles_cases_rate_cat, aidworkers_wounded_rate_scn, tot_goat_cereal_smooth_lag3_scn, water_price_smooth_lag2_scn, acled_fatalities_rate_cat"
0.0199684431392241,0.14058635910749,-0.0197528109201266,0.0150524553967452,"measles_cases_rate_cat, tot_wage_cereal_smooth_lag2_scn, tot_goat_cereal_smooth_lag3_scn, water_price_smooth_lag2_scn, acled_fatalities_rate_cat"
0.0199793719393343,0.140621322909033,-0.00811638596140049,0.0150928784769392,"malaria_cases_rate_cat, sam_admissions_rate_lag1_scn, aidworkers_wounded_rate_scn, tot_wage_cereal_smooth_lag2_scn, tot_goat_cereal_smooth_lag3_scn"
0.0199860299539191,0.140645534462092,-0.00663403118669993,0.0150872863988019,"malaria_cases_rate_cat, sam_admissions_rate_lag1_scn, aidworkers_wounded_rate_scn, tot_wage_cereal_smooth_lag2_scn, water_price_smooth_lag2_scn"
0.019973534709839,0.140606099109573,-0.00948165557481022,0.015035498847285,"malaria_cases_rate_cat, sam_admissions_rate_lag1_scn, aidworkers_wounded_rate_scn, tot_wage_cereal_smooth_lag2_scn, acled_fatalities_rate_cat"
0.0199773620483222,0.140615460840391,-0.00629990122426576,0.0150795748896296,"malaria_cases_rate_cat, sam_admissions_rate_lag1_scn, aidworkers_wounded_rate_scn, tot_goat_cereal_smooth_lag3_scn, water_price_smooth_lag2_scn"
0.0199717733567184,0.140599682623127,-0.0092928752023962,0.0150370875945781,"malaria_cases_rate_cat, sam_admissions_rate_lag1_scn, aidworkers_wounded_rate_scn, tot_goat_cereal_smooth_lag3_scn, acled_fatalities_rate_cat"
0.0199694782372248,0.140595620776026,-0.008333310228283,0.0149944306634398,"malaria_cases_rate_cat, sam_admissions_rate_lag1_scn, aidworkers_wounded_rate_scn, water_price_smooth_lag2_scn, acled_fatalities_rate_cat"
0.0199808534090549,0.140626009311525,-0.00847408271374422,0.0150988930488151,"malaria_cases_rate_cat, sam_admissions_rate_lag1_scn, tot_wage_cereal_smooth_lag2_scn, tot_goat_cereal_smooth_lag3_scn, water_price_smooth_lag2_scn"
0.0199769751244959,0.140615691417921,-0.00982938198007381,0.0150629217896053,"malaria_cases_rate_cat, sam_admissions_rate_lag1_scn, tot_wage_cereal_smooth_lag2_scn, tot_goat_cereal_smooth_lag3_scn, acled_fatalities_rate_cat"
0.019976091203684,0.140614789170514,-0.0103141409592422,0.0150396612778038,"malaria_cases_rate_cat, sam_admissions_rate_lag1_scn, tot_wage_cereal_smooth_lag2_scn, water_price_smooth_lag2_scn, acled_fatalities_rate_cat"
0.0199734768245133,0.140605030850923,-0.0100028835777649,0.0150444572268077,"malaria_cases_rate_cat, sam_admissions_rate_lag1_scn, tot_goat_cereal_smooth_lag3_scn, water_price_smooth_lag2_scn, acled_fatalities_rate_cat"
0.0199771822458159,0.140615354351329,-0.0143503972968714,0.0150740530001482,"malaria_cases_rate_cat, aidworkers_wounded_rate_scn, tot_wage_cereal_smooth_lag2_scn, tot_goat_cereal_smooth_lag3_scn, water_price_smooth_lag2_scn"
0.0199663403695452,0.140583602790492,-0.016852899193742,0.0150033698433385,"malaria_cases_rate_cat, aidworkers_wounded_rate_scn, tot_wage_cereal_smooth_lag2_scn, tot_goat_cereal_smooth_lag3_scn, acled_fatalities_rate_cat"
0.0199661791741728,0.140584694064112,-0.016551483204413,0.0149860293856532,"malaria_cases_rate_cat, aidworkers_wounded_rate_scn, tot_wage_cereal_smooth_lag2_scn, water_price_smooth_lag2_scn, acled_fatalities_rate_cat"
0.0199650034402485,0.14057912250518,-0.0160319559097736,0.0150005094699427,"malaria_cases_rate_cat, aidworkers_wounded_rate_scn, tot_goat_cereal_smooth_lag3_scn, water_price_smooth_lag2_scn, acled_fatalities_rate_cat"
0.0199706887059344,0.140597223135367,-0.0175363822784283,0.0150225590569718,"malaria_cases_rate_cat, tot_wage_cereal_smooth_lag2_scn, tot_goat_cereal_smooth_lag3_scn, water_price_smooth_lag2_scn, acled_fatalities_rate_cat"
0.0199792092906993,0.140619145747161,-0.0145686292890288,0.0151094209036063,"sam_admissions_rate_lag1_scn, aidworkers_wounded_rate_scn, tot_wage_cereal_smooth_lag2_scn, tot_goat_cereal_smooth_lag3_scn, water_price_smooth_lag2_scn"
0.0199703065976781,0.140592495627089,-0.0171538512647989,0.0150575477944906,"sam_admissions_rate_lag1_scn, aidworkers_wounded_rate_scn, tot_wage_cereal_smooth_lag2_scn, tot_goat_cereal_smooth_lag3_scn, acled_fatalities_rate_cat"
0.0199695565406114,0.14059237612027,-0.0173035247417272,0.0150310906482332,"sam_admissions_rate_lag1_scn, aidworkers_wounded_rate_scn, tot_wage_cereal_smooth_lag2_scn, water_price_smooth_lag2_scn, acled_fatalities_rate_cat"
0.019967431937608,0.140583810644919,-0.0163852861583925,0.0150415765338587,"sam_admissions_rate_lag1_scn, aidworkers_wounded_rate_scn, tot_goat_cereal_smooth_lag3_scn, water_price_smooth_lag2_scn, acled_fatalities_rate_cat"
0.0199711184692068,0.140595094042787,-0.018170973808014,0.0150605444901868,"sam_admissions_rate_lag1_scn, tot_wage_cereal_smooth_lag2_scn, tot_goat_cereal_smooth_lag3_scn, water_price_smooth_lag2_scn, acled_fatalities_rate_cat"
0.0199644198645481,0.140576568594586,-0.0218973476495657,0.0150054888742516,"aidworkers_wounded_rate_scn, tot_wage_cereal_smooth_lag2_scn, tot_goat_cereal_smooth_lag3_scn, water_price_smooth_lag2_scn, acled_fatalities_rate_cat"
0.0199771270786837,0.140616633401604,-0.00306969285850709,0.0150587549095199,"cdi_lag5_scn, measles_cases_rate_cat, malaria_cases_rate_cat, sam_admissions_rate_lag1_scn"
0.0199715235885071,0.140599053162505,-0.00887075510028485,0.0150343990130077,"cdi_lag5_scn, measles_cases_rate_cat, malaria_cases_rate_cat, aidworkers_wounded_rate_scn"
0.0199749038956622,0.140608620879429,-0.0140485363827271,0.0150598668301339,"cdi_lag5_scn, measles_cases_rate_cat, malaria_cases_rate_cat, tot_wage_cereal_smooth_lag2_scn"
0.0199673519807088,0.140581591549712,-0.0110236540616049,0.0150616546995232,"cdi_lag5_scn, measles_cases_rate_cat, malaria_cases_rate_cat, tot_goat_cereal_smooth_lag3_scn"
0.0199748510223086,0.140609525149895,-0.00904290379833258,0.0150485310995881,"cdi_lag5_scn, measles_cases_rate_cat, malaria_cases_rate_cat, water_price_smooth_lag2_scn"
0.0199639014027987,0.140573950102239,-0.0142386300876687,0.015013547787541,"cdi_lag5_scn, measles_cases_rate_cat, malaria_cases_rate_cat, acled_fatalities_rate_cat"
0.0199759073064403,0.140611936945432,-0.00648484020037369,0.0150624807936873,"cdi_lag5_scn, measles_cases_rate_cat, sam_admissions_rate_lag1_scn, aidworkers_wounded_rate_scn"
0.0199780106780668,0.140615661502216,-0.0118577853361716,0.0151013766245592,"cdi_lag5_scn, measles_cases_rate_cat, sam_admissions_rate_lag1_scn, tot_wage_cereal_smooth_lag2_scn"
0.0199703670200308,0.140590258066726,-0.00890457217953268,0.0150829689371137,"cdi_lag5_scn, measles_cases_rate_cat, sam_admissions_rate_lag1_scn, tot_goat_cereal_smooth_lag3_scn"
0.0199773316726037,0.140616290442457,-0.00700935188163199,0.0150698571403053,"cdi_lag5_scn, measles_cases_rate_cat, sam_admissions_rate_lag1_scn, water_price_smooth_lag2_scn"
0.0199667033919189,0.140581486970937,-0.0125077121446829,0.0150387984507909,"cdi_lag5_scn, measles_cases_rate_cat, sam_admissions_rate_lag1_scn, acled_fatalities_rate_cat"
0.0199736031395087,0.1406039273769,-0.0170706462256804,0.015060571986339,"cdi_lag5_scn, measles_cases_rate_cat, aidworkers_wounded_rate_scn, tot_wage_cereal_smooth_lag2_scn"
0.0199647765842416,0.14057282669303,-0.0142848129164172,0.0150575554963438,"cdi_lag5_scn, measles_cases_rate_cat, aidworkers_wounded_rate_scn, tot_goat_cereal_smooth_lag3_scn"
0.0199731567972454,0.140603847072637,-0.0113257885689893,0.0150449321707416,"cdi_lag5_scn, measles_cases_rate_cat, aidworkers_wounded_rate_scn, water_price_smooth_lag2_scn"
0.0199564677315523,0.140549593148042,-0.0173468253167636,0.0149918347210259,"cdi_lag5_scn, measles_cases_rate_cat, aidworkers_wounded_rate_scn, acled_fatalities_rate_cat"
0.0199710575195686,0.140593581357051,-0.0178030736573395,0.0150739805539553,"cdi_lag5_scn, measles_cases_rate_cat, tot_wage_cereal_smooth_lag2_scn, tot_goat_cereal_smooth_lag3_scn"
0.0199787883005102,0.14062126618881,-0.018313452616257,0.0150719679451593,"cdi_lag5_scn, measles_cases_rate_cat, tot_wage_cereal_smooth_lag2_scn, water_price_smooth_lag2_scn"
0.0199636594068872,0.140571257515933,-0.0218252603354472,0.0150325930075123,"cdi_lag5_scn, measles_cases_rate_cat, tot_wage_cereal_smooth_lag2_scn, acled_fatalities_rate_cat"
0.0199690560539355,0.140586972610292,-0.0145883350346162,0.0150687014189598,"cdi_lag5_scn, measles_cases_rate_cat, tot_goat_cereal_smooth_lag3_scn, water_price_smooth_lag2_scn"
0.0199607082576476,0.140560324716019,-0.0193156329970366,0.0150371160567956,"cdi_lag5_scn, measles_cases_rate_cat, tot_goat_cereal_smooth_lag3_scn, acled_fatalities_rate_cat"
0.0199616083803239,0.140566075458163,-0.017637071078769,0.0150106188566596,"cdi_lag5_scn, measles_cases_rate_cat, water_price_smooth_lag2_scn, acled_fatalities_rate_cat"
0.0199794042458921,0.140628594582091,-0.0059585838471518,0.0150186044535099,"cdi_lag5_scn, malaria_cases_rate_cat, sam_admissions_rate_lag1_scn, aidworkers_wounded_rate_scn"
0.0199821228311207,0.14063454054148,-0.00959076918171144,0.0150572550917265,"cdi_lag5_scn, malaria_cases_rate_cat, sam_admissions_rate_lag1_scn, tot_wage_cereal_smooth_lag2_scn"
0.019974037813965,0.140606516753082,-0.007198641246724,0.0150497419885668,"cdi_lag5_scn, malaria_cases_rate_cat, sam_admissions_rate_lag1_scn, tot_goat_cereal_smooth_lag3_scn"
0.0199802418984674,0.140630564504691,-0.00544822596792327,0.015029091255124,"cdi_lag5_scn, malaria_cases_rate_cat, sam_admissions_rate_lag1_scn, water_price_smooth_lag2_scn"
0.0199685969455682,0.140592599299549,-0.00958307634826444,0.0149932565495551,"cdi_lag5_scn, malaria_cases_rate_cat, sam_admissions_rate_lag1_scn, acled_fatalities_rate_cat"
0.0199779391488204,0.140623556467182,-0.0184042687806528,0.015016824466126,"cdi_lag5_scn, malaria_cases_rate_cat, aidworkers_wounded_rate_scn, tot_wage_cereal_smooth_lag2_scn"
0.0199680195393002,0.140586923672005,-0.0157188211133151,0.0150309470294545,"cdi_lag5_scn, malaria_cases_rate_cat, aidworkers_wounded_rate_scn, tot_goat_cereal_smooth_lag3_scn"
0.0199760774480025,0.140617534727564,-0.0117964006066098,0.0150106027395773,"cdi_lag5_scn, malaria_cases_rate_cat, aidworkers_wounded_rate_scn, water_price_smooth_lag2_scn"
0.0199568521205375,0.140555342228664,-0.0165725082717671,0.0149461214411687,"cdi_lag5_scn, malaria_cases_rate_cat, aidworkers_wounded_rate_scn, acled_fatalities_rate_cat"
0.0199728283488633,0.140602949794173,-0.0186679550630817,0.0150421207887333,"cdi_lag5_scn, malaria_cases_rate_cat, tot_wage_cereal_smooth_lag2_scn, tot_goat_cereal_smooth_lag3_scn"
0.0199809118813004,0.140632669554929,-0.017756240241463,0.0150319709343709,"cdi_lag5_scn, malaria_cases_rate_cat, tot_wage_cereal_smooth_lag2_scn, water_price_smooth_lag2_scn"
0.0199644251096777,0.1405782716878,-0.0208403345207597,0.0149879447463892,"cdi_lag5_scn, malaria_cases_rate_cat, tot_wage_cereal_smooth_lag2_scn, acled_fatalities_rate_cat"
0.0199716483588716,0.140598780092439,-0.0152469279655897,0.0150418451656845,"cdi_lag5_scn, malaria_cases_rate_cat, tot_goat_cereal_smooth_lag3_scn, water_price_smooth_lag2_scn"
0.0199624223886167,0.140569705300027,-0.0189170044214723,0.0150029752782677,"cdi_lag5_scn, malaria_cases_rate_cat, tot_goat_cereal_smooth_lag3_scn, acled_fatalities_rate_cat"
0.0199628261033813,0.14057429096509,-0.0168803032752119,0.0149701489283631,"cdi_lag5_scn, malaria_cases_rate_cat, water_price_smooth_lag2_scn, acled_fatalities_rate_cat"
0.0199827076858946,0.140635032062425,-0.0152792840045444,0.0150737241101956,"cdi_lag5_scn, sam_admissions_rate_lag1_scn, aidworkers_wounded_rate_scn, tot_wage_cereal_smooth_lag2_scn"
0.0199717484923095,0.140597144508239,-0.0131220570196315,0.0150625159636231,"cdi_lag5_scn, sam_admissions_rate_lag1_scn, aidworkers_wounded_rate_scn, tot_goat_cereal_smooth_lag3_scn"
0.0199802067646907,0.140629264088462,-0.00971940884517823,0.0150413078120963,"cdi_lag5_scn, sam_admissions_rate_lag1_scn, aidworkers_wounded_rate_scn, water_price_smooth_lag2_scn"
0.0199612218964964,0.140567359167923,-0.0160397998229443,0.0149829322546428,"cdi_lag5_scn, sam_admissions_rate_lag1_scn, aidworkers_wounded_rate_scn, acled_fatalities_rate_cat"
0.01997536806298,0.14060823385455,-0.0165261168197156,0.0150809900678628,"cdi_lag5_scn, sam_admissions_rate_lag1_scn, tot_wage_cereal_smooth_lag2_scn, tot_goat_cereal_smooth_lag3_scn"
0.0199831980954396,0.140636682320989,-0.0165569743910972,0.0150746911221304,"cdi_lag5_scn, sam_admissions_rate_lag1_scn, tot_wage_cereal_smooth_lag2_scn, water_price_smooth_lag2_scn"
0.0199679445838719,0.14058653087947,-0.0196446993011254,0.0150322586144965,"cdi_lag5_scn, sam_admissions_rate_lag1_scn, tot_wage_cereal_smooth_lag2_scn, acled_fatalities_rate_cat"
0.0199728572446704,0.140600551147111,-0.0134766144041516,0.0150680774339198,"cdi_lag5_scn, sam_admissions_rate_lag1_scn, tot_goat_cereal_smooth_lag3_scn, water_price_smooth_lag2_scn"
0.0199654349922482,0.140576878529559,-0.0173832205017949,0.0150398069998581,"cdi_lag5_scn, sam_admissions_rate_lag1_scn, tot_goat_cereal_smooth_lag3_scn, acled_fatalities_rate_cat"
0.0199648682986177,0.140579192277993,-0.0159144817734511,0.0149947767603948,"cdi_lag5_scn, sam_admissions_rate_lag1_scn, water_price_smooth_lag2_scn, acled_fatalities_rate_cat"
0.0199716834921433,0.140598427203979,-0.0228676455385956,0.0150468069669562,"cdi_lag5_scn, aidworkers_wounded_rate_scn, tot_wage_cereal_smooth_lag2_scn, tot_goat_cereal_smooth_lag3_scn"
0.0199808683037666,0.140631803453401,-0.0211846326095741,0.0150393617333039,"cdi_lag5_scn, aidworkers_wounded_rate_scn, tot_wage_cereal_smooth_lag2_scn, water_price_smooth_lag2_scn"
0.0199578657652264,0.140556294945543,-0.0252354311857545,0.0149738184994142,"cdi_lag5_scn, aidworkers_wounded_rate_scn, tot_wage_cereal_smooth_lag2_scn, acled_fatalities_rate_cat"
0.0199700984384896,0.140593097972193,-0.0190343534892276,0.0150436121944311,"cdi_lag5_scn, aidworkers_wounded_rate_scn, tot_goat_cereal_smooth_lag3_scn, water_price_smooth_lag2_scn"
0.0199555440309232,0.140546686878184,-0.0231269401019878,0.0149878780089054,"cdi_lag5_scn, aidworkers_wounded_rate_scn, tot_goat_cereal_smooth_lag3_scn, acled_fatalities_rate_cat"
0.0199560422789807,0.140551793029169,-0.0207399844263799,0.0149531028094231,"cdi_lag5_scn, aidworkers_wounded_rate_scn, water_price_smooth_lag2_scn, acled_fatalities_rate_cat"
0.019975540174956,0.140611232764368,-0.0228781355619881,0.0150562425385097,"cdi_lag5_scn, tot_wage_cereal_smooth_lag2_scn, tot_goat_cereal_smooth_lag3_scn, water_price_smooth_lag2_scn"
0.0199621596488628,0.140567927803523,-0.0250921020886406,0.0150117480618936,"cdi_lag5_scn, tot_wage_cereal_smooth_lag2_scn, tot_goat_cereal_smooth_lag3_scn, acled_fatalities_rate_cat"
0.0199629971102543,0.140573197723,-0.0260125059570904,0.0149878911193396,"cdi_lag5_scn, tot_wage_cereal_smooth_lag2_scn, water_price_smooth_lag2_scn, acled_fatalities_rate_cat"
0.0199599693059687,0.140560968669505,-0.0233545997010804,0.015003088299084,"cdi_lag5_scn, tot_goat_cereal_smooth_lag3_scn, water_price_smooth_lag2_scn, acled_fatalities_rate_cat"
0.019977388847261,0.140616332842746,-0.00205364096942822,0.0150715252165992,"measles_cases_rate_cat, malaria_cases_rate_cat, sam_admissions_rate_lag1_scn, aidworkers_wounded_rate_scn"
0.0199799212358985,0.140621192303719,-0.0043926501829575,0.01511443427026,"measles_cases_rate_cat, malaria_cases_rate_cat, sam_admissions_rate_lag1_scn, tot_wage_cereal_smooth_lag2_scn"
0.0199746533573486,0.140604018199982,-0.00387111447389284,0.0150983230624329,"measles_cases_rate_cat, malaria_cases_rate_cat, sam_admissions_rate_lag1_scn, tot_goat_cereal_smooth_lag3_scn"
0.0199791948319298,0.140621802323764,-0.00240086958715332,0.0150813918877985,"measles_cases_rate_cat, malaria_cases_rate_cat, sam_admissions_rate_lag1_scn, water_price_smooth_lag2_scn"
0.0199737081804752,0.140604603213812,-0.00584133365179857,0.0150574357991704,"measles_cases_rate_cat, malaria_cases_rate_cat, sam_admissions_rate_lag1_scn, acled_fatalities_rate_cat"
0.0199755907368125,0.140609634465556,-0.0101133667839378,0.0150746819489306,"measles_cases_rate_cat, malaria_cases_rate_cat, aidworkers_wounded_rate_scn, tot_wage_cereal_smooth_lag2_scn"
0.0199687713855548,0.140584941433505,-0.00919178578714572,0.0150792582964091,"measles_cases_rate_cat, malaria_cases_rate_cat, aidworkers_wounded_rate_scn, tot_goat_cereal_smooth_lag3_scn"
0.0199745924824549,0.140607240832667,-0.00601000869082588,0.0150626951948416,"measles_cases_rate_cat, malaria_cases_rate_cat, aidworkers_wounded_rate_scn, water_price_smooth_lag2_scn"
0.0199628438099518,0.140570139315527,-0.010595209270374,0.0150140579593206,"measles_cases_rate_cat, malaria_cases_rate_cat, aidworkers_wounded_rate_scn, acled_fatalities_rate_cat"
0.0199741921660299,0.14060274290564,-0.0117410523946131,0.0150945484434489,"measles_cases_rate_cat, malaria_cases_rate_cat, tot_wage_cereal_smooth_lag2_scn, tot_goat_cereal_smooth_lag3_scn"
0.0199799592879115,0.140623857049406,-0.0109272303356317,0.0150882631523691,"measles_cases_rate_cat, malaria_cases_rate_cat, tot_wage_cereal_smooth_lag2_scn, water_price_smooth_lag2_scn"
0.0199698743765064,0.140591448963269,-0.0139866378901102,0.0150524584523964,"measles_cases_rate_cat, malaria_cases_rate_cat, tot_wage_cereal_smooth_lag2_scn, acled_fatalities_rate_cat"
0.0199727462403539,0.140597829374234,-0.00965721266380382,0.0150921839818438,"measles_cases_rate_cat, malaria_cases_rate_cat, tot_goat_cereal_smooth_lag3_scn, water_price_smooth_lag2_scn"
0.0199681686214955,0.140585005028241,-0.0135432800152425,0.01505637490327,"measles_cases_rate_cat, malaria_cases_rate_cat, tot_goat_cereal_smooth_lag3_scn, acled_fatalities_rate_cat"
0.0199676217460866,0.140585104358549,-0.0112533703343598,0.0150351506138332,"measles_cases_rate_cat, malaria_cases_rate_cat, water_price_smooth_lag2_scn, acled_fatalities_rate_cat"
0.0199789947302784,0.140617967897239,-0.00899304740600019,0.0151137110204805,"measles_cases_rate_cat, sam_admissions_rate_lag1_scn, aidworkers_wounded_rate_scn, tot_wage_cereal_smooth_lag2_scn"
0.0199715941853598,0.140593183509257,-0.00809660929807138,0.0150978635755796,"measles_cases_rate_cat, sam_admissions_rate_lag1_scn, aidworkers_wounded_rate_scn, tot_goat_cereal_smooth_lag3_scn"
0.0199779001602992,0.14061725116512,-0.00558080031867856,0.0150808500742086,"measles_cases_rate_cat, sam_admissions_rate_lag1_scn, aidworkers_wounded_rate_scn, water_price_smooth_lag2_scn"
0.0199666752021595,0.140581111474304,-0.0107407376618776,0.0150416569273763,"measles_cases_rate_cat, sam_admissions_rate_lag1_scn, aidworkers_wounded_rate_scn, acled_fatalities_rate_cat"
0.0199758908886594,0.140606190331371,-0.0107260037036637,0.0151213656481132,"measles_cases_rate_cat, sam_admissions_rate_lag1_scn, tot_wage_cereal_smooth_lag2_scn, tot_goat_cereal_smooth_lag3_scn"
0.019981130502256,0.140624954210982,-0.0105823466496213,0.015119992482917,"measles_cases_rate_cat, sam_admissions_rate_lag1_scn, tot_wage_cereal_smooth_lag2_scn, water_price_smooth_lag2_scn"
0.0199724259646594,0.140597189684891,-0.0135535846988145,0.0150870149234409,"measles_cases_rate_cat, sam_admissions_rate_lag1_scn, tot_wage_cereal_smooth_lag2_scn, acled_fatalities_rate_cat"
0.0199728438621307,0.14059664004355,-0.00873435766864791,0.0151080799057682,"measles_cases_rate_cat, sam_admissions_rate_lag1_scn, tot_goat_cereal_smooth_lag3_scn, water_price_smooth_lag2_scn"
0.0199703213059714,0.140589829410787,-0.0125132128835302,0.0150857243857004,"measles_cases_rate_cat, sam_admissions_rate_lag1_scn, tot_goat_cereal_smooth_lag3_scn, acled_fatalities_rate_cat"
0.0199692156833948,0.140589200990677,-0.0110824443649399,0.0150514764206713,"measles_cases_rate_cat, sam_admissions_rate_lag1_scn, water_price_smooth_lag2_scn, acled_fatalities_rate_cat"
0.0199715738870167,0.140594086332063,-0.0148877002866446,0.0150877719240616,"measles_cases_rate_cat, aidworkers_wounded_rate_scn, tot_wage_cereal_smooth_lag2_scn, tot_goat_cereal_smooth_lag3_scn"
0.0199780625546789,0.140617668059519,-0.013747570097629,0.0150825132072333,"measles_cases_rate_cat, aidworkers_wounded_rate_scn, tot_wage_cereal_smooth_lag2_scn, water_price_smooth_lag2_scn"
0.0199630320346846,0.140569338423485,-0.0177820525154109,0.0150293464731243,"measles_cases_rate_cat, aidworkers_wounded_rate_scn, tot_wage_cereal_smooth_lag2_scn, acled_fatalities_rate_cat"
0.0199700452198845,0.140589087819827,-0.012157117386756,0.0150832359434564,"measles_cases_rate_cat, aidworkers_wounded_rate_scn, tot_goat_cereal_smooth_lag3_scn, water_price_smooth_lag2_scn"
0.0199613364592297,0.140563003085131,-0.0168283348036037,0.0150325063674657,"measles_cases_rate_cat, aidworkers_wounded_rate_scn, tot_goat_cereal_smooth_lag3_scn, acled_fatalities_rate_cat"
0.0199605364894779,0.140562274045911,-0.0145094244627888,0.0150105001959742,"measles_cases_rate_cat, aidworkers_wounded_rate_scn, water_price_smooth_lag2_scn, acled_fatalities_rate_cat"
0.0199763385955177,0.140609793079442,-0.015634152213668,0.015100577092513,"measles_cases_rate_cat, tot_wage_cereal_smooth_lag2_scn, tot_goat_cereal_smooth_lag3_scn, water_price_smooth_lag2_scn"
0.0199679479444142,0.14058403440583,-0.0181484392717656,0.01505830205105,"measles_cases_rate_cat, tot_wage_cereal_smooth_lag2_scn, tot_goat_cereal_smooth_lag3_scn, acled_fatalities_rate_cat"
0.0199675241867011,0.140583808242624,-0.0184242421616213,0.0150450082789451,"measles_cases_rate_cat, tot_wage_cereal_smooth_lag2_scn, water_price_smooth_lag2_scn, acled_fatalities_rate_cat"
0.0199650433012682,0.140574500682798,-0.0171145888219388,0.015050029865246,"measles_cases_rate_cat, tot_goat_cereal_smooth_lag3_scn, water_price_smooth_lag2_scn, acled_fatalities_rate_cat"
0.0199845360012208,0.140640098740443,-0.00666001772546124,0.0150885765288111,"malaria_cases_rate_cat, sam_admissions_rate_lag1_scn, aidworkers_wounded_rate_scn, tot_wage_cereal_smooth_lag2_scn"
0.0199762543117776,0.140611425922696,-0.00633815747230611,0.0150805692407934,"malaria_cases_rate_cat, sam_admissions_rate_lag1_scn, aidworkers_wounded_rate_scn, tot_goat_cereal_smooth_lag3_scn"
0.0199820387485052,0.140634371990566,-0.00380122477889675,0.0150559018817065,"malaria_cases_rate_cat, sam_admissions_rate_lag1_scn, aidworkers_wounded_rate_scn, water_price_smooth_lag2_scn"
0.0199692568175685,0.140594140174216,-0.00739877387541506,0.0150016505107243,"malaria_cases_rate_cat, sam_admissions_rate_lag1_scn, aidworkers_wounded_rate_scn, acled_fatalities_rate_cat"
0.0199794316491101,0.140620819258201,-0.00789825532825523,0.0151002884542843,"malaria_cases_rate_cat, sam_admissions_rate_lag1_scn, tot_wage_cereal_smooth_lag2_scn, tot_goat_cereal_smooth_lag3_scn"
0.0199851887766783,0.140642060321441,-0.00682635882550391,0.015092295503869,"malaria_cases_rate_cat, sam_admissions_rate_lag1_scn, tot_wage_cereal_smooth_lag2_scn, water_price_smooth_lag2_scn"
0.0199762920611907,0.140614287189306,-0.00904445084057094,0.0150522903179381,"malaria_cases_rate_cat, sam_admissions_rate_lag1_scn, tot_wage_cereal_smooth_lag2_scn, acled_fatalities_rate_cat"
0.0199774534998191,0.14061497222567,-0.00629006665691976,0.0150880042783473,"malaria_cases_rate_cat, sam_admissions_rate_lag1_scn, tot_goat_cereal_smooth_lag3_scn, water_price_smooth_lag2_scn"
0.0199742318249031,0.140606846087108,-0.00898865763075426,0.0150534845851397,"malaria_cases_rate_cat, sam_admissions_rate_lag1_scn, tot_goat_cereal_smooth_lag3_scn, acled_fatalities_rate_cat"
0.0199727105117415,0.140605229787686,-0.00797282524368312,0.0150140625967586,"malaria_cases_rate_cat, sam_admissions_rate_lag1_scn, water_price_smooth_lag2_scn, acled_fatalities_rate_cat"
0.0199754866230008,0.140609198842347,-0.014203580907924,0.0150753597308924,"malaria_cases_rate_cat, aidworkers_wounded_rate_scn, tot_wage_cereal_smooth_lag2_scn, tot_goat_cereal_smooth_lag3_scn"
0.0199818234227116,0.140633288084731,-0.0120194607682809,0.0150592055710734,"malaria_cases_rate_cat, aidworkers_wounded_rate_scn, tot_wage_cereal_smooth_lag2_scn, water_price_smooth_lag2_scn"
0.0199651216739372,0.140580727987371,-0.0153754025013197,0.0149881654232074,"malaria_cases_rate_cat, aidworkers_wounded_rate_scn, tot_wage_cereal_smooth_lag2_scn, acled_fatalities_rate_cat"
0.019974413013868,0.14060550780272,-0.0115253564076245,0.0150740464746219,"malaria_cases_rate_cat, aidworkers_wounded_rate_scn, tot_goat_cereal_smooth_lag3_scn, water_price_smooth_lag2_scn"
0.0199643247909126,0.140576594989904,-0.0151600785903442,0.0150016936805694,"malaria_cases_rate_cat, aidworkers_wounded_rate_scn, tot_goat_cereal_smooth_lag3_scn, acled_fatalities_rate_cat"
0.0199635135062583,0.140576167375625,-0.0123254019213958,0.0149760798994239,"malaria_cases_rate_cat, aidworkers_wounded_rate_scn, water_price_smooth_lag2_scn, acled_fatalities_rate_cat"
0.0199780906102739,0.140617558262839,-0.0142868519430135,0.0150846838611204,"malaria_cases_rate_cat, tot_wage_cereal_smooth_lag2_scn, tot_goat_cereal_smooth_lag3_scn, water_price_smooth_lag2_scn"
0.0199697565552104,0.140593683498637,-0.0164237332562678,0.0150248947304684,"malaria_cases_rate_cat, tot_wage_cereal_smooth_lag2_scn, tot_goat_cereal_smooth_lag3_scn, acled_fatalities_rate_cat"
0.0199698277039573,0.140595526225739,-0.0160651012888711,0.015008357274265,"malaria_cases_rate_cat, tot_wage_cereal_smooth_lag2_scn, water_price_smooth_lag2_scn, acled_fatalities_rate_cat"
0.0199683993720176,0.14058910639208,-0.0156372715956288,0.0150222995685308,"malaria_cases_rate_cat, tot_goat_cereal_smooth_lag3_scn, water_price_smooth_lag2_scn, acled_fatalities_rate_cat"
0.0199777274575694,0.140613804771685,-0.0138641388984339,0.0151101645406038,"sam_admissions_rate_lag1_scn, aidworkers_wounded_rate_scn, tot_wage_cereal_smooth_lag2_scn, tot_goat_cereal_smooth_lag3_scn"
0.0199853644224237,0.140641772854971,-0.012133055250658,0.015101734655131,"sam_admissions_rate_lag1_scn, aidworkers_wounded_rate_scn, tot_wage_cereal_smooth_lag2_scn, water_price_smooth_lag2_scn"
0.0199694619633476,0.14059118269397,-0.0160639434052629,0.0150399952740196,"sam_admissions_rate_lag1_scn, aidworkers_wounded_rate_scn, tot_wage_cereal_smooth_lag2_scn, acled_fatalities_rate_cat"
0.019975789933918,0.140608044186679,-0.0113816952741646,0.0150984857193191,"sam_admissions_rate_lag1_scn, aidworkers_wounded_rate_scn, tot_goat_cereal_smooth_lag3_scn, water_price_smooth_lag2_scn"
0.0199678561291815,0.140584651542509,-0.0153812643177718,0.0150485097029931,"sam_admissions_rate_lag1_scn, aidworkers_wounded_rate_scn, tot_goat_cereal_smooth_lag3_scn, acled_fatalities_rate_cat"
0.0199663775695339,0.140583628038903,-0.0135203187070431,0.0150044844020154,"sam_admissions_rate_lag1_scn, aidworkers_wounded_rate_scn, water_price_smooth_lag2_scn, acled_fatalities_rate_cat"
0.0199784891612888,0.140616091689596,-0.0149135569734543,0.0151145227892465,"sam_admissions_rate_lag1_scn, tot_wage_cereal_smooth_lag2_scn, tot_goat_cereal_smooth_lag3_scn, water_price_smooth_lag2_scn"
0.0199716206182064,0.140595969680625,-0.016750670971786,0.0150699822226247,"sam_admissions_rate_lag1_scn, tot_wage_cereal_smooth_lag2_scn, tot_goat_cereal_smooth_lag3_scn, acled_fatalities_rate_cat"
0.0199710412069483,0.140596428409641,-0.0169667051054424,0.0150438442708458,"sam_admissions_rate_lag1_scn, tot_wage_cereal_smooth_lag2_scn, water_price_smooth_lag2_scn, acled_fatalities_rate_cat"
0.0199687716986082,0.140587346193341,-0.0160467605806007,0.0150543382053835,"sam_admissions_rate_lag1_scn, tot_goat_cereal_smooth_lag3_scn, water_price_smooth_lag2_scn, acled_fatalities_rate_cat"
0.0199767146411511,0.140612732547521,-0.0179413730927289,0.0150839902866336,"aidworkers_wounded_rate_scn, tot_wage_cereal_smooth_lag2_scn, tot_goat_cereal_smooth_lag3_scn, water_price_smooth_lag2_scn"
0.0199634881148532,0.140573073327601,-0.0208298674525194,0.0150073748569081,"aidworkers_wounded_rate_scn, tot_wage_cereal_smooth_lag2_scn, tot_goat_cereal_smooth_lag3_scn, acled_fatalities_rate_cat"
0.0199636647886353,0.140575290303258,-0.020325214223409,0.0149908321905931,"aidworkers_wounded_rate_scn, tot_wage_cereal_smooth_lag2_scn, water_price_smooth_lag2_scn, acled_fatalities_rate_cat"
0.0199620421586429,0.140568302397027,-0.0195691561294655,0.015003500327182,"aidworkers_wounded_rate_scn, tot_goat_cereal_smooth_lag3_scn, water_price_smooth_lag2_scn, acled_fatalities_rate_cat"
0.0199675198245717,0.140585694627801,-0.0209921655492875,0.015025248771852,"tot_wage_cereal_smooth_lag2_scn, tot_goat_cereal_smooth_lag3_scn, water_price_smooth_lag2_scn, acled_fatalities_rate_cat"
0.0199726291039034,0.140602047095543,-0.00851919006421011,0.0150441371543147,"cdi_lag5_scn, measles_cases_rate_cat, malaria_cases_rate_cat"
0.0199758426185432,0.140610911873485,-0.00615702654055065,0.0150707251410855,"cdi_lag5_scn, measles_cases_rate_cat, sam_admissions_rate_lag1_scn"
0.0199714265766056,0.140597982894496,-0.0108791320410015,0.0150419333348317,"cdi_lag5_scn, measles_cases_rate_cat, aidworkers_wounded_rate_scn"
0.019974620720434,0.140606725859829,-0.0164870559667896,0.0150690766292661,"cdi_lag5_scn, measles_cases_rate_cat, tot_wage_cereal_smooth_lag2_scn"
0.0199665353742145,0.140578109976736,-0.0134675687679424,0.0150676389650576,"cdi_lag5_scn, measles_cases_rate_cat, tot_goat_cereal_smooth_lag3_scn"
0.0199744422349174,0.140607422032533,-0.0110062341754006,0.0150552723980908,"cdi_lag5_scn, measles_cases_rate_cat, water_price_smooth_lag2_scn"
0.0199609944610654,0.140563558916142,-0.0165957702464465,0.0150140810165242,"cdi_lag5_scn, measles_cases_rate_cat, acled_fatalities_rate_cat"
0.0199793011628595,0.14062751693249,-0.00546907009113699,0.0150260013259123,"cdi_lag5_scn, malaria_cases_rate_cat, sam_admissions_rate_lag1_scn"
0.0199755799158905,0.140616652800165,-0.0128452583404354,0.0150013655366759,"cdi_lag5_scn, malaria_cases_rate_cat, aidworkers_wounded_rate_scn"
0.0199780991457062,0.140623509517971,-0.0178523143855561,0.0150232307723449,"cdi_lag5_scn, malaria_cases_rate_cat, tot_wage_cereal_smooth_lag2_scn"
0.0199692464760602,0.140590373587292,-0.0151151804227074,0.0150404392166174,"cdi_lag5_scn, malaria_cases_rate_cat, tot_goat_cereal_smooth_lag3_scn"
0.019976902428324,0.140619545078636,-0.0116398005995824,0.0150202075071254,"cdi_lag5_scn, malaria_cases_rate_cat, water_price_smooth_lag2_scn"
0.0199618343015708,0.140570805389353,-0.0161775990153002,0.0149697091844153,"cdi_lag5_scn, malaria_cases_rate_cat, acled_fatalities_rate_cat"
0.019980180571834,0.140629193305348,-0.009765259047988,0.0150410756900025,"cdi_lag5_scn, sam_admissions_rate_lag1_scn, aidworkers_wounded_rate_scn"
0.0199810617207617,0.14062899753046,-0.0153611694934169,0.0150756158650553,"cdi_lag5_scn, sam_admissions_rate_lag1_scn, tot_wage_cereal_smooth_lag2_scn"
0.0199717682578139,0.140596504609972,-0.0126589294687761,0.0150698797927846,"cdi_lag5_scn, sam_admissions_rate_lag1_scn, tot_goat_cereal_smooth_lag3_scn"
0.0199795325080605,0.140626281588939,-0.00986801272928889,0.0150473856913233,"cdi_lag5_scn, sam_admissions_rate_lag1_scn, water_price_smooth_lag2_scn"
0.0199644144277881,0.14057699976271,-0.0150714939767527,0.0150007987010705,"cdi_lag5_scn, sam_admissions_rate_lag1_scn, acled_fatalities_rate_cat"
0.0199788806890772,0.140625256547236,-0.0213310066558896,0.0150339582317009,"cdi_lag5_scn, aidworkers_wounded_rate_scn, tot_wage_cereal_smooth_lag2_scn"
0.0199680406408493,0.140585834580283,-0.0190378716237139,0.0150430403330146,"cdi_lag5_scn, aidworkers_wounded_rate_scn, tot_goat_cereal_smooth_lag3_scn"
0.0199767066562207,0.140618489967355,-0.0146534644702489,0.0150239414684147,"cdi_lag5_scn, aidworkers_wounded_rate_scn, water_price_smooth_lag2_scn"
0.0199549588980551,0.140547958372846,-0.0200316316541603,0.0149528999521048,"cdi_lag5_scn, aidworkers_wounded_rate_scn, acled_fatalities_rate_cat"
0.0199727783750924,0.140601503348068,-0.0222302868818488,0.0150552918476284,"cdi_lag5_scn, tot_wage_cereal_smooth_lag2_scn, tot_goat_cereal_smooth_lag3_scn"
0.0199812483697382,0.140632446496826,-0.0210411175514692,0.0150467184335129,"cdi_lag5_scn, tot_wage_cereal_smooth_lag2_scn, water_price_smooth_lag2_scn"
0.0199619824484961,0.140569015640051,-0.0244348302069202,0.0149938613543895,"cdi_lag5_scn, tot_wage_cereal_smooth_lag2_scn, acled_fatalities_rate_cat"
0.0199712257197383,0.140596206156834,-0.0184712924044897,0.0150529633126646,"cdi_lag5_scn, tot_goat_cereal_smooth_lag3_scn, water_price_smooth_lag2_scn"
0.0199594987327857,0.140558885645413,-0.0223855200954659,0.01500734630867,"cdi_lag5_scn, tot_goat_cereal_smooth_lag3_scn, acled_fatalities_rate_cat"
0.0199603203706939,0.140564930706242,-0.019954570448203,0.0149748168693451,"cdi_lag5_scn, water_price_smooth_lag2_scn, acled_fatalities_rate_cat"
0.0199778565412812,0.140616933473205,-0.00169162192537225,0.0150825344861548,"measles_cases_rate_cat, malaria_cases_rate_cat, sam_admissions_rate_lag1_scn"
0.0199730884661317,0.140602173534575,-0.00569690790569226,0.0150597795278633,"measles_cases_rate_cat, malaria_cases_rate_cat, aidworkers_wounded_rate_scn"
0.0199764631366299,0.140611698056249,-0.00956774093974426,0.0150854420760963,"measles_cases_rate_cat, malaria_cases_rate_cat, tot_wage_cereal_smooth_lag2_scn"
0.0199702466988503,0.140589066010129,-0.00866726856734687,0.0150908808832792,"measles_cases_rate_cat, malaria_cases_rate_cat, tot_goat_cereal_smooth_lag3_scn"
0.0199758415276324,0.140610482890376,-0.00580598897450728,0.0150751314336449,"measles_cases_rate_cat, malaria_cases_rate_cat, water_price_smooth_lag2_scn"
0.0199670994252945,0.140582987558284,-0.01023021547563,0.0150378424310117,"measles_cases_rate_cat, malaria_cases_rate_cat, acled_fatalities_rate_cat"
0.0199767583495039,0.140613056679365,-0.00490402877973645,0.01508224271525,"measles_cases_rate_cat, sam_admissions_rate_lag1_scn, aidworkers_wounded_rate_scn"
0.0199784107908989,0.140615199176509,-0.00874213145753262,0.0151208667979677,"measles_cases_rate_cat, sam_admissions_rate_lag1_scn, tot_wage_cereal_smooth_lag2_scn"
0.019972018861375,0.140593741949801,-0.00763021020093035,0.0151077090670019,"measles_cases_rate_cat, sam_admissions_rate_lag1_scn, tot_goat_cereal_smooth_lag3_scn"
0.0199778074682795,0.140616025360897,-0.00554686947255871,0.0150901321687349,"measles_cases_rate_cat, sam_admissions_rate_lag1_scn, water_price_smooth_lag2_scn"
0.0199693366014968,0.140588851093152,-0.0100231691075665,0.0150595687485942,"measles_cases_rate_cat, sam_admissions_rate_lag1_scn, acled_fatalities_rate_cat"
0.0199748809548295,0.140606509521248,-0.0124970830647983,0.0150809090162477,"measles_cases_rate_cat, aidworkers_wounded_rate_scn, tot_wage_cereal_smooth_lag2_scn"
0.0199676268278865,0.140580550587521,-0.0113446413538297,0.0150825736234432,"measles_cases_rate_cat, aidworkers_wounded_rate_scn, tot_goat_cereal_smooth_lag3_scn"
0.0199739235290088,0.14060444002637,-0.00811181980910976,0.0150670713028125,"measles_cases_rate_cat, aidworkers_wounded_rate_scn, water_price_smooth_lag2_scn"
0.019960006288713,0.14056010581626,-0.0134708625479015,0.0150134362649929,"measles_cases_rate_cat, aidworkers_wounded_rate_scn, acled_fatalities_rate_cat"
0.0199731767960514,0.140598689844138,-0.0141046776924798,0.0150991247047065,"measles_cases_rate_cat, tot_wage_cereal_smooth_lag2_scn, tot_goat_cereal_smooth_lag3_scn"
0.0199792102989955,0.14062063297986,-0.0132481507104773,0.0150940709234852,"measles_cases_rate_cat, tot_wage_cereal_smooth_lag2_scn, water_price_smooth_lag2_scn"
0.0199668150273431,0.140580711385707,-0.0168464348107661,0.0150509731553864,"measles_cases_rate_cat, tot_wage_cereal_smooth_lag2_scn, acled_fatalities_rate_cat"
0.0199715308829539,0.140593227559232,-0.0115004518642458,0.0150950782056771,"measles_cases_rate_cat, tot_goat_cereal_smooth_lag3_scn, water_price_smooth_lag2_scn"
0.0199649278342367,0.140573705314995,-0.0159641802247006,0.0150540215464775,"measles_cases_rate_cat, tot_goat_cereal_smooth_lag3_scn, acled_fatalities_rate_cat"
0.0199645727221082,0.140574450094847,-0.0135912276739717,0.0150331745239024,"measles_cases_rate_cat, water_price_smooth_lag2_scn, acled_fatalities_rate_cat"
0.0199817845789986,0.140633492045612,-0.00407266090808545,0.0150556557868641,"malaria_cases_rate_cat, sam_admissions_rate_lag1_scn, aidworkers_wounded_rate_scn"
0.0199835274030844,0.140636060515265,-0.00635439255516836,0.015093261404099,"malaria_cases_rate_cat, sam_admissions_rate_lag1_scn, tot_wage_cereal_smooth_lag2_scn"
0.0199764668496901,0.14061133733619,-0.00602914048798259,0.0150893141813918,"malaria_cases_rate_cat, sam_admissions_rate_lag1_scn, tot_goat_cereal_smooth_lag3_scn"
0.0199818179270416,0.140632791895662,-0.00386999728952844,0.0150641506259508,"malaria_cases_rate_cat, sam_admissions_rate_lag1_scn, water_price_smooth_lag2_scn"
0.0199724658483791,0.140603685451141,-0.00705434794005452,0.0150210772633255,"malaria_cases_rate_cat, sam_admissions_rate_lag1_scn, acled_fatalities_rate_cat"
0.0199811915175611,0.14063142070957,-0.0124834001710662,0.0150552695377557,"malaria_cases_rate_cat, aidworkers_wounded_rate_scn, tot_wage_cereal_smooth_lag2_scn"
0.0199726631134203,0.140599275682841,-0.0115837930384086,0.0150741423519017,"malaria_cases_rate_cat, aidworkers_wounded_rate_scn, tot_goat_cereal_smooth_lag3_scn"
0.0199782066294864,0.140621355606803,-0.00749889243354559,0.0150495838551282,"malaria_cases_rate_cat, aidworkers_wounded_rate_scn, water_price_smooth_lag2_scn"
0.0199623953393793,0.140572363663348,-0.0116152277293306,0.0149742710257997,"malaria_cases_rate_cat, aidworkers_wounded_rate_scn, acled_fatalities_rate_cat"
0.0199759938133235,0.140610153521058,-0.0138792530572114,0.0150841543094375,"malaria_cases_rate_cat, tot_wage_cereal_smooth_lag2_scn, tot_goat_cereal_smooth_lag3_scn"
0.0199821221561365,0.140633439502146,-0.0119010980919576,0.0150686521528306,"malaria_cases_rate_cat, tot_wage_cereal_smooth_lag2_scn, water_price_smooth_lag2_scn"
0.0199687512630223,0.140591517514883,-0.0149571399558491,0.0150102359846901,"malaria_cases_rate_cat, tot_wage_cereal_smooth_lag2_scn, acled_fatalities_rate_cat"
0.0199751245473253,0.140607065341009,-0.0112485530286851,0.0150841242339438,"malaria_cases_rate_cat, tot_goat_cereal_smooth_lag3_scn, water_price_smooth_lag2_scn"
0.0199677168010455,0.140586588045963,-0.0148083426658396,0.0150232435704775,"malaria_cases_rate_cat, tot_goat_cereal_smooth_lag3_scn, acled_fatalities_rate_cat"
0.0199673587233946,0.140587620413355,-0.011926367012383,0.0149992484961705,"malaria_cases_rate_cat, water_price_smooth_lag2_scn, acled_fatalities_rate_cat"
0.0199843270638762,0.140637817571946,-0.011606033749807,0.0151045001563674,"sam_admissions_rate_lag1_scn, aidworkers_wounded_rate_scn, tot_wage_cereal_smooth_lag2_scn"
0.019974706484379,0.140604070378429,-0.0110456541646228,0.0150997379446314,"sam_admissions_rate_lag1_scn, aidworkers_wounded_rate_scn, tot_goat_cereal_smooth_lag3_scn"
0.0199816806255933,0.140631443936016,-0.00782857662368277,0.0150730665634863,"sam_admissions_rate_lag1_scn, aidworkers_wounded_rate_scn, water_price_smooth_lag2_scn"
0.0199658668220399,0.14058127655852,-0.0127378676060575,0.0150100523063971,"sam_admissions_rate_lag1_scn, aidworkers_wounded_rate_scn, acled_fatalities_rate_cat"
0.0199770158481833,0.140610755483023,-0.0138973009830237,0.0151155288317382,"sam_admissions_rate_lag1_scn, tot_wage_cereal_smooth_lag2_scn, tot_goat_cereal_smooth_lag3_scn"
0.0199838111174244,0.140635964356773,-0.0127057677465323,0.0151046956225528,"sam_admissions_rate_lag1_scn, tot_wage_cereal_smooth_lag2_scn, water_price_smooth_lag2_scn"
0.0199710311182212,0.140595440770119,-0.015666638806466,0.0150537242670347,"sam_admissions_rate_lag1_scn, tot_wage_cereal_smooth_lag2_scn, acled_fatalities_rate_cat"
0.0199751372066486,0.140605105566574,-0.0115398751808545,0.0151048739470668,"sam_admissions_rate_lag1_scn, tot_goat_cereal_smooth_lag3_scn, water_price_smooth_lag2_scn"
0.0199692666832088,0.140588387072674,-0.0150103004122987,0.0150618024416736,"sam_admissions_rate_lag1_scn, tot_goat_cereal_smooth_lag3_scn, acled_fatalities_rate_cat"
0.0199684984457251,0.14058962846228,-0.0130880720271649,0.0150205346318228,"sam_admissions_rate_lag1_scn, water_price_smooth_lag2_scn, acled_fatalities_rate_cat"
0.019974970318582,0.140606359322723,-0.0176815269870594,0.0150857562176055,"aidworkers_wounded_rate_scn, tot_wage_cereal_smooth_lag2_scn, tot_goat_cereal_smooth_lag3_scn"
0.0199817382875908,0.140631845413983,-0.0152857754326541,0.0150710297166566,"aidworkers_wounded_rate_scn, tot_wage_cereal_smooth_lag2_scn, water_price_smooth_lag2_scn"
0.0199625422463511,0.140571179109962,-0.0192904483564196,0.0149920664199419,"aidworkers_wounded_rate_scn, tot_wage_cereal_smooth_lag2_scn, acled_fatalities_rate_cat"
0.0199735381050062,0.140601566249713,-0.01454259255803,0.0150826490870155,"aidworkers_wounded_rate_scn, tot_goat_cereal_smooth_lag3_scn, water_price_smooth_lag2_scn"
0.0199613289237111,0.140565668880883,-0.0187412923430149,0.0150045050931436,"aidworkers_wounded_rate_scn, tot_goat_cereal_smooth_lag3_scn, acled_fatalities_rate_cat"
0.019960862765425,0.140566392303014,-0.0158198129698799,0.0149796944168578,"aidworkers_wounded_rate_scn, water_price_smooth_lag2_scn, acled_fatalities_rate_cat"
0.0199775141919309,0.140614611906675,-0.0175190693538894,0.0150939690040636,"tot_wage_cereal_smooth_lag2_scn, tot_goat_cereal_smooth_lag3_scn, water_price_smooth_lag2_scn"
0.0199665648332004,0.140582122587573,-0.019976583025379,0.0150270734185241,"tot_wage_cereal_smooth_lag2_scn, tot_goat_cereal_smooth_lag3_scn, acled_fatalities_rate_cat"
0.0199668692135472,0.140584732089967,-0.019449618995394,0.0150111927403578,"tot_wage_cereal_smooth_lag2_scn, water_price_smooth_lag2_scn, acled_fatalities_rate_cat"
0.0199650645523327,0.14057714224923,-0.0187491786215369,0.0150233754667168,"tot_goat_cereal_smooth_lag3_scn, water_price_smooth_lag2_scn, acled_fatalities_rate_cat"
